upper1,upper2,upper3,lower1,lower2,n,penalty
1.9921856928816863,1.9921856928816863,1.9921856928816863,-1.9921856928816863,-1.9921856928816863,19.96292080350416,0.37249386400011125
2.9611297788014506,2.093834946563927,1.7096090748964343,-2.9611297788014506,-2.093834946563927,17.55407713640807,0.33701472831108775
2.119577478632703,1.8734595104893361,1.8356079417852893,6.285533994301575e-16,1.1240757062936024,21.321186781617598,0.2714733571143156
2.2291861077644124,1.8513488098782642,2.0157602546195843,-0.1357069764701273,1.1112876462748544,11.303520018222368,25.0
2.2201583261735,2.0675347107907713,2.0943112082844118,0.17906217202224695,0.9524334737047371,13.447595748288105,25.0
2.1172778325436026,1.8732805790813547,1.6136306550670478,-0.08569145632308187,1.2691057068177618,12.106557579120846,4.99102290860607
2.1167423682153097,1.6833889451525954,1.687913426196661,-0.2323275663782279,1.1921833801984587,12.952959324771722,25.0
2.27420557799048,1.7546058250907195,1.5892497206375211,0.16014841284626424,1.3187787826758512,21.132483796540434,0.29614394395761734
2.362266524286762,1.6595651658169186,1.950083897445466,-0.07151910402229392,1.3622921505174124,24.94483888498271,25.0
2.2160833832571387,1.7882766158973358,1.7712069366339547,0.08091837113533962,0.9775549963158647,27.873323693199502,0.8897047149263296
2.3811003238973876,1.8595344228695054,1.6301131329863472,-0.19838801667324119,1.2868950035812698,25.640708612028497,0.5697414025315968
1.9282796483061073,1.9693917678890134,1.7141137871952494,-0.055161853130427346,0.9286953811298609,10.161232315288245,25.0
2.313632481468865,1.8638360535652017,1.9609295418127957,0.1757110164326991,1.0772738203071626,26.324962370390843,25.0
1.900886536771215,1.7083655295497984,1.600629121173624,-0.23732047160744718,1.2707789162223138,11.095648727425203,5.764501859771493
1.9152356765337646,1.7289098172306747,1.8504502958936786,0.17585104642233024,1.3092423728884763,20.172445888896572,25.0
2.3147017726749937,1.7629309921868643,1.8146023974956114,-0.19018057407126035,0.8689236922443555,12.613359407829963,25.0
2.188743191643771,1.6273753101283275,1.7552180113847702,0.2048879954193683,1.0350529286055625,12.070688264025339,25.0
2.174727246044532,1.945991234486542,2.0298841879079133,0.2211786577377915,1.175281286827354,27.513290081356608,25.0
2.2532725334511277,1.7679782491397003,1.820501669236451,-0.234372616097779,1.136215332192926,20.13969705636782,25.0
2.110478878669859,1.7366258473152685,1.6491138373191376,-0.038702989568919405,1.063088898792734,17.228197498288623,0.44530169628130334
2.0609660928157387,1.9966180817859307,1.9439078054307164,-0.018437799878478933,1.0096676594330491,20.167213791478996,0.32124445358384907
2.234828521494885,1.8254317111228309,1.7595091159919463,0.1384440333228263,1.3026285863216671,18.681679620387072,0.6812207859911331
2.091208761278439,1.8670826624608599,1.6695446245321945,-0.22420436744981934,0.9845364790019987,19.241922352325275,0.276301967953817
2.08095231037007,1.6850486586802786,1.7338648992077001,0.05018331920890062,1.018663240528802,15.445310207568227,25.0
2.296390346244537,2.110309259845926,1.6412893606985262,0.16561170434350192,1.1141936173089444,24.501719021053205,0.46494195966367674
1.8962279307385637,1.7232908261264803,1.8058038480120986,0.20425458241003958,1.2069480029242428,29.39021594274619,25.0
2.1741568608835635,2.003475226757151,1.9564153327169467,0.11454357747357674,0.9558177770143894,11.767522210605561,7.64800932129482
2.2596751489281655,1.7838969189372318,1.810378962316496,0.1832767632840045,0.9630872514728841,12.47733089825994,25.0
2.0189013862726144,2.0913248972227105,2.036444469369398,-0.14902507558949543,1.052956763993441,16.729185641138322,25.0
1.9587126784224296,2.1160609811640914,1.8414539880829461,0.06667416713609253,1.383121370051958,28.453304126365705,25.0
2.1295472205273662,2.013304935198431,2.01848262666952,0.018583837745170917,1.0725178683502892,14.393554428933566,25.0
1.9848356156070124,1.784600942460637,1.9220231319136363,-0.12994222854300508,1.084708539253274,15.467165866106253,25.0
2.312892321038536,1.9594298475186598,2.0529162953171616,0.12464076476740882,0.906873595077124,10.848999090738856,25.0
2.1741648898749,1.6577328539185434,2.0863838944453788,-0.23809337836084743,1.2512261376206515,17.0147053489995,25.0
2.083126047255374,1.9907786366525886,2.0330760094502973,0.1476617414262354,1.1419622771252649,22.30339547703053,25.0
2.2342042303699428,1.9506209192108073,2.0244838437797483,0.12099361082884791,0.9345194167250737,25.648424466910477,25.0
2.1670840616053506,1.652814087619598,1.997568738943761,-0.18646082068832953,0.9754898600111223,19.964982261554557,25.0
2.349765349835278,1.8611627452176018,1.6624884602707537,-0.1541581501776612,1.0534994433141687,10.232578659214472,7.122451587342847
2.0873871431076725,1.9193288786491323,1.9533784139137624,-0.1292047250270962,1.1946487215742052,27.916025534550993,25.0
2.2063012956788834,1.9637540308546302,1.8941925425959931,0.033789186051598086,1.0717461845928538,24.81776923707487,0.4766373732674709
1.9915248900727893,2.031931570526667,1.7517540497198574,-0.20825992122019235,1.1860125567350177,20.236908848282713,25.0
1.9993719605151572,1.7542471725984579,1.789686792149918,0.039459186944677815,1.272831200679022,27.23164992707748,25.0
1.8798024466383783,1.7420418929328378,1.9282651082637732,0.08737816984918961,0.8861959824964389,20.84951019673568,25.0
2.0959307589842027,1.9621881774107366,2.0469744853654572,-0.07343116001972208,1.0055421588088274,14.224491507180481,25.0
2.0254656125853536,1.8661626910552465,1.918850312165516,-0.09897476805492778,1.2780146601962448,29.743530290806714,25.0
2.200605579561969,1.9769809447779876,1.9043433288029217,-0.1798109413046019,1.2031552360686306,10.108143233366329,12.040922196278448
2.0633225360728393,1.8458496225200016,1.5781637154999977,0.17705695471690297,1.2708139782134211,20.75932463734413,0.2924453999176665
2.150145268046746,1.932704953340437,1.792001943808815,-0.23806399410002582,1.3849983489022444,29.206790612176988,0.7896270285263417
2.1706173440262457,1.8520347788288902,2.0795224657762397,0.21163909322675067,0.9466089993571445,10.545945057677542,25.0
1.9145162829776885,1.7986150443246047,2.0630250676310813,-0.2117807696981962,0.8673079556337896,10.465683354924199,25.0
2.0699300484660856,1.8932636414365456,2.0595769091292504,0.15552602974754381,1.3257792564441298,20.975026623613914,25.0
2.117503287734335,1.9167731661992877,1.619369769882311,0.16581752517664705,1.2166809171215776,12.830743885718343,4.223004192990244
2.1283830970103814,1.927514231592484,1.6902497825780431,0.009373164103968878,1.2701176033218113,29.848256929228214,0.9269887739648601
2.1002559418976317,1.6849940128829495,1.8736951738347742,0.24588584308948586,1.1835142886554213,11.627691390426286,25.0
1.8771338001918383,2.1190793873091462,1.82993618595791,0.10867093591448584,1.2934001922322917,11.164335024665668,25.0
2.0839849762506217,1.7702767830653112,1.7782857538685075,-0.05161495180680997,1.035309723219411,28.011434516353347,25.0
1.9502752576868372,1.6356283945167416,1.7170678890991926,0.03179707424068018,0.9660062713829726,10.087120191428802,25.0
2.186121416030323,1.9522246703371073,1.602796922561354,0.2486381701421136,1.322375383973703,13.33504985544054,4.700529272770691
2.2442367508994274,1.868743032387788,2.08431698588846,0.1935685939649483,0.9706416693736345,10.53497858141846,25.0
1.9336496911514787,1.8644855403135048,1.5951395109682198,-0.08616872575006077,1.21577946599818,21.250643279633493,0.30424304067133573
2.008915064791533,2.0325814022027955,1.7849996692763161,0.07791732870600249,1.0952471103253096,29.31890830197922,25.0
2.0576193955216158,2.042244650434183,1.6343945011257084,0.11004802985030021,1.0171878664040273,10.64459890381466,6.62371045120303
2.338909010254997,1.73164447522643,1.694785469896133,-0.012155383261967093,1.2625078167037456,29.381579771759966,0.9075341777898793
2.3719768467658255,1.6915456952418395,1.7953202991292792,0.06266966115974133,1.3829409209894505,27.38736352725686,25.0
2.34852725892972,2.0805482447442953,1.764579611941828,0.1768559873997077,1.382947046081689,27.335819118127997,0.5142673636038251
1.882525406667532,1.8665508337246872,1.9862954483039916,-0.24692062316560992,0.8631465606590462,20.92387093242164,25.0
2.364726922045871,1.8896396810001392,1.704932956072177,-0.24619204431625819,0.8630078421836769,15.189265339560936,0.8177369608865841
2.100609939643017,2.11979982344282,1.8870301495966602,-0.10339606929054124,1.3834079244361457,18.96125104127444,25.0
2.3351607476707756,2.028388370118691,1.9389431262082988,-0.17354310015225577,1.37275834467814,21.883192981238132,0.38264453543728044
1.937112055221216,2.0977006802738463,1.57340768,-0.1622828681736101,0.8644586619175509,12.546177521266966,25.0
2.3407968307958917,1.8789318237671355,1.5825550842438851,-0.23445545859128572,1.378362991831705,29.539748607358995,0.8685140028463064
2.3313708675272014,1.7525618925692459,1.692096828745297,-0.22826898247549324,1.3366137445832473,28.139757444312036,0.7646324921150124
2.3779927863745813,1.890123150526696,1.9737682451067524,0.24969736049574942,1.3858573161374084,14.546736387545451,25.0
1.9021679283641353,1.6737505324801072,1.8619522210774935,0.0938400083100725,0.8744733118680051,29.910627230231928,25.0
2.3236040877584636,2.0951345315998378,1.6749180513755793,-0.03877397713319237,1.3851277573890464,29.07529500949463,0.7613421630921962
2.079589735307027,2.0073360947440486,1.6548421473455766,-0.228596341536506,1.3779754303774125,25.755115762293592,0.48757589350017183
2.285082343911811,2.1239553826181288,1.6253609269808311,-0.14908435665848965,0.8716109331673199,29.7908266927998,1.3223099526723412
1.9198924985046288,1.6720718709829945,1.6993809168936849,-0.15040241169231708,0.8677892412134666,28.750274286549605,25.0
2.283484158263821,1.6831609884587617,1.7073092591403864,0.13957342732081118,1.3849635247736565,18.73275426166724,25.0
1.986883102949292,1.8593513161282964,2.006922249909007,-0.17099736470248705,1.382657817545562,26.390344569478096,25.0
2.153953401681793,2.132001735313094,1.743071581357978,-0.20981756056061432,1.3855113250994746,27.42067079701818,0.6204576816562946
1.9492219367449433,2.0370377095035512,1.7250943227819753,0.08294823772906837,1.3861129427644123,28.25718032316939,25.0
2.3229542763246753,1.7515756910013263,1.608150341118121,-0.10495725243975587,0.871668051809748,29.795238798115015,1.3443376050719955
1.9020189514133148,2.0004422099962675,2.071193438278519,-0.12754323377416366,1.3832636746702445,27.07135160639144,25.0
2.210669335317104,1.6573132477120405,1.8980025730675616,0.014406748776221005,0.8656888873873584,29.046898980230154,25.0
2.360579499495132,1.95319098353526,1.9108084477562444,-0.22831937056264642,0.862739364375027,17.453007831787193,0.6196623068903296
1.863318232557917,1.9539322390244394,1.6451409089577427,0.21099029757719537,1.3859622458780037,27.605756832331178,25.0
2.0780551851251765,2.036629390089524,1.6516198391294266,-0.13878895151028708,0.8621007249788623,21.572085948148093,0.44656611389853307
2.1816274048614,1.975678863833726,1.6388211141449536,-0.02693607390029031,0.867384136441178,16.848200342070243,0.4088573278566198
1.937737814429884,1.6212329962385592,1.6791047338005443,-0.21885324584107918,0.8649058624702397,29.44652026999429,25.0
2.3409954836769926,1.7077379049384303,1.7036224172685086,-0.22512131686568018,0.8797141689518216,13.350949198726667,1.6757378626668076
2.0699667505563504,1.8822353446507338,1.6724300795707063,-0.24639265340340302,1.3811691729341513,11.22676587734773,8.024523451291698
2.3801435471480934,1.8828415876776194,1.666825958895554,-0.15559542076801278,0.8627297450479547,26.61571487488191,1.004437040893886
2.006435621818242,1.7647995195084107,1.7680634853904698,-0.135003674029333,0.8691385209304868,17.402546891742816,25.0
2.09847351953381,1.8015552474310246,1.7622519068860334,0.2275924172168367,1.3848348952884968,24.66822043265499,0.30038041671736726
2.092877438747263,2.0093336210845383,1.773125114146438,0.20457821684697694,1.3845669839479047,23.102407899676123,0.29116719345835207
2.0134685625589146,1.9615390322394453,1.9351712115435677,-0.14235687250667597,0.8683475306142401,21.648698810629536,0.3091880670968891
2.3171335645959035,1.739856738063112,1.7106657726863301,-0.1349539926214571,0.8701711970573232,13.503706748947868,1.712869904819113
2.0193083987707454,1.7701558577165106,1.5860466774910662,-0.11504650695819704,0.8991558431482373,12.68122658905598,1.9224997702196696
2.3107652720224996,1.8561800786153966,1.5922574212885623,-0.2538485825298397,0.8626561091613867,29.548105449450723,1.3887927307713703
1.9140583176126553,2.027765159187536,1.6580876021505122,-0.11388557826935876,0.8630731447220074,25.0400870300592,25.0
2.0998952176782466,2.0595758355626232,1.7400097211905738,0.13154673973279063,0.8628129744320011,11.825076309514005,4.907259483765921
2.3064122022816815,1.9842973874452516,1.8803145525375466,-0.17457250476891237,0.8624553498179816,20.18912209275686,0.29229614599591397
2.317899346336883,2.0090720599375307,1.7461132669806487,-0.06912275194907963,0.8630589070872151,12.28528644488878,3.765994534671195
2.2449187877485204,1.9067586405823895,1.5801185006529357,-0.14892614214164795,0.8666695076060613,18.520776633685173,0.2818485133658747
1.9485386967170695,1.8919498424658652,1.941589999352909,0.13269203139044256,0.8752913603451006,18.743589585248525,25.0
2.368907419469868,1.68425288909936,1.9455122634969897,-0.13035823639524446,1.381907264152583,29.81148429575177,25.0
1.9591063393297812,1.7963651983790154,1.9373841934350542,0.11332320056517016,1.3783446455812982,26.292806180134683,25.0
1.9925920815162748,2.0573680827739667,1.9334753998034622,-0.037448430974695746,0.8834434490534869,25.555483227838796,25.0
2.3550479566990785,1.8967959233695526,1.9673481049528234,0.04352032978674145,0.876759706914639,23.34074526815457,25.0
1.881076095244347,1.9021231129788971,1.9800184548152462,0.14396237744021653,1.3846450359691873,28.57630974948508,25.0
1.9376112401551198,1.8137122607214304,1.8678232216866992,0.09787851139889289,1.38083608747375,11.178024705520492,25.0
1.876305043003253,1.8526818093543724,1.8562198177069935,-0.17423671500776702,1.3693345489221265,10.591331777732785,25.0
2.2081850426151526,1.6339729089335326,1.9137140386332805,0.16055196403475763,1.3766773281424385,21.248125628235126,25.0
2.0423405226669615,1.8708749677461334,1.908570301236775,0.027088188912063924,0.8621742426301524,10.163629961553685,25.0
2.2451080897696323,1.9725982039328203,1.8919082915012098,-0.08819837519104327,0.8660298204025226,13.756627116490716,2.9426477248857994
2.1251775854313513,1.9695839822836727,2.041649615002666,-0.2377125498634841,1.380960016935529,28.39596373831953,25.0
2.2255159568198737,1.7168421432327277,1.6225544657982722,0.09899696111044153,1.385559618924885,10.250354946463228,10.799084723199565
1.8728547650094542,1.6295642766235063,1.6277109046667595,0.07964470623434418,1.3770057144309693,12.051630952268045,5.670581883998431
2.36233214138877,2.001318260703491,1.8006956293908767,-0.20998006410078948,0.8741413545332675,13.701569859263525,2.34157751552205
2.1377876656309804,1.8599091570728954,1.5975429295843735,-0.04452318850956896,0.8810180737914374,29.87862034056023,1.3057172533879395
2.0347853669261933,1.8701688121759674,1.605668034298683,0.08038457598942636,1.3773627259288121,27.44402865791401,0.5747392114134849
2.0157758930798653,1.6707778722355402,1.6166426113435441,0.05989053149323878,0.8715742550305224,22.08503514116087,0.5254434436009792
2.170910071057504,1.7822837650208736,1.6106762183749446,-0.17422398766379016,1.385929615944832,12.878826333805732,4.741775653221823
2.0077037175637296,1.951660130439545,1.882542465208971,0.05447474343512727,1.3745809072747548,10.24312542424525,13.092451821167856
1.866840400099495,1.6202490189326324,1.8782563918393487,-0.2487922815394921,1.3846568213950694,19.644724243408348,25.0
2.2440216014304193,1.8476770126709396,1.825191163442065,-0.01284892501373428,0.8659918603145489,18.845305369587333,0.3067400674375364
2.0805653154198653,1.8238426955506197,2.002252390335625,-0.04481638023270369,0.8636866394437931,10.66724942777942,25.0
1.9471798134833442,1.8257994303580851,2.0114070825861488,0.1472353503394997,0.8656941000508293,21.46777007697428,25.0
2.278577768194865,1.6244364815707224,2.0978082,-0.14357350301633187,1.3844476587721866,27.899365037745326,25.0
1.9162204900852733,1.7480993426121472,1.653412776039351,-0.07133739104709373,1.3750551250030818,24.51634456256363,0.4001547017264083
2.2867854969731662,1.8631512301422177,1.8459891800163986,0.2498380038725701,0.8621119195837916,10.779260926832137,8.49387646219162
2.3796620480950814,1.9223513022174028,1.9903193442846536,0.03571644033930722,1.38462246829051,10.303804757629045,25.0
2.076283489267168,1.673528241464897,1.9936250081103568,-0.24005767794927385,0.8639162797393203,22.080694080488588,25.0
2.095379856236076,2.0148956209594284,1.7294790106754274,-0.1479951488447672,0.8659724259609193,12.722372080880914,2.7942468151233433
2.11258143939062,2.11171243068832,1.6318939914270973,-0.1543043332896993,0.8683385442758164,29.998402227943053,1.3438146047414
2.282993406132452,1.8075340618116056,1.8374726295526382,0.03387768888673702,0.8679747495081483,14.185629304624678,25.0
2.0642649327765934,1.8625642308290975,1.8341113147137746,0.15769681129808893,1.3760908687404292,26.03036783546842,0.3902953631618215
2.0866167546648287,1.8299257225773353,1.6833838779056216,0.017594937938919076,1.3792945857110295,29.118602794260475,0.7414965185173794
2.2124739878997755,2.011702177193876,2.0753899772878177,-0.0849815972745621,0.8743605086077094,26.78736086032746,25.0
2.3305027037096755,1.7626783832454687,2.067077654786879,-0.13190987476034727,1.381285839760682,29.07975832377147,25.0
2.0978757680165345,1.7289664578998645,1.6648370183523225,-0.11858767508052692,1.374148962905618,21.611491236930128,0.28028319079958774
2.1951284313713297,2.006907585498531,2.0903402107745674,-0.1216271101636838,1.3860757050981978,13.478223668523732,25.0
2.0442592307343146,1.6668987773856268,1.7209570347165257,-0.23642806967533964,0.8666524820626655,29.70377030605409,25.0
1.9882935065655776,1.6800373216828246,1.6369305599853772,0.06412239298202875,1.37414276516304,28.77727265496466,0.7365920695098531
1.861865632977782,1.8518833652897955,1.5842507633174954,0.07156227351713093,0.8692169088064735,17.180071658238447,0.38974204473108287
2.3594659827964106,2.059326486542208,1.6502548494653337,-0.16531720437971087,1.3846594646023898,14.39801554467247,3.434962382544288
1.895397856482387,2.013951447919037,1.590661587001172,0.11558836156327076,1.3690574762865642,13.110899586030985,25.0
2.2175751895193585,2.027683163664799,1.5881302927232555,0.22955251043594094,1.1884679021571032,29.583706329211516,0.8638196218342338
1.9258592649458874,1.9222798234857597,1.593407669304329,-0.12619374439149209,0.8855086211183085,23.85133661603341,0.7703959581111437
2.1797912282932685,1.8585802592806415,1.7376410838467633,-0.012318576467750668,1.3794912289571062,17.975585611310876,0.9658347511798762
1.9590605998790669,1.7050348620163374,1.748274877174372,0.17985550823107013,1.3814654617163158,29.606589176564533,25.0
2.023023822687286,1.6407900260691628,1.7445734358169662,-0.2067060201979265,0.8630661736895758,13.393797994680202,25.0
2.0239822354752643,1.8769580101195353,1.742029771140284,0.011048125179329146,1.3634578509764443,29.039671917696154,0.7429530130764745
2.325192873211578,1.7096813350583082,1.9016478892384021,-0.13309052515072034,1.3808255871102273,11.5045114845022,25.0
2.1704319740025344,1.864808956058139,1.7988755539484886,0.15967767363430477,1.3830582660312496,14.336985725852102,4.13617106072886
1.993684680408826,1.663524473065674,1.8266576521852544,0.10034343982368557,1.377361288399113,27.26196644216917,25.0
2.0928217321168123,1.6837169826397596,1.82397711313422,0.16691408873532781,0.8622908398455631,20.41183418288514,25.0
2.3264339485139045,1.7164080976380252,1.7749022633464837,-0.24512337991287977,0.865985452363638,10.570317188816816,25.0
1.9199811330263865,2.083331365880659,1.7722491751043064,-0.0477798948084255,1.3733947019934054,17.028344721575618,25.0
2.022019083386036,1.670280254744264,1.7704142089839618,0.04981767136014398,0.8632291983436351,26.023402516811167,25.0
2.111933320352156,2.0121592773350194,1.7816427398059254,-0.1865021436314967,1.3682508129244015,13.58846236413668,4.578252677969285
2.2175518473464395,1.8140474500429071,2.056246582446772,-0.034329353169407495,1.0377290179029102,21.345515752326367,25.0
1.8975777390326751,2.0215192455299236,1.9705581688866431,-0.08208185493502464,0.8692215897846511,10.460171760117442,25.0
2.2427384751058725,1.6861827105749139,1.96413880949958,-0.02409460192083097,1.3822090501832582,19.24316660952838,25.0
2.118397954628315,2.1293675027819923,1.9831569488838106,-0.16939584577120284,0.8751481211563027,11.17276760694489,25.0
2.2434090940118745,1.7806476826925666,1.976893345907147,0.13985746880599925,0.8736050772869989,10.954215729332875,25.0
2.0088114634889194,1.9811813273823187,1.9251441157693985,0.11249607013873573,1.3642126645722739,28.919173341442953,0.6415080444736418
2.3020795455765177,2.029727644859867,2.021483235560064,-0.07417297357273103,1.3650680307538017,21.20841602589049,0.5164956371285232
1.9090928068229476,1.7440193829556796,2.0499453906736376,0.046012091174305325,1.3837778706020516,13.750043091047264,25.0
1.9741684498993735,2.010693666753921,1.8175520330654016,0.21950879857423808,1.3820315675628674,29.471320272491127,25.0
2.3450906617407044,2.0380219947891187,1.8707591977329665,0.15652856175439622,0.8658776429219845,20.957993875066297,0.3076990951546195
1.9782383514876365,1.6437169691625815,1.8648877209905017,0.09785834650028835,1.3827575058938706,11.85036791838745,25.0
2.1462612994937764,1.6487367050632924,1.853335060988258,0.22500166936103588,0.8728273005666118,22.884636063770422,25.0
1.9289543956171857,1.6900495704360483,1.8590860192091876,-0.11718532872511137,1.3798460611118482,18.54775319222611,25.0
1.9677473471885567,2.0823231851969672,1.5761620633276285,0.09474799496082212,1.3793644020242402,19.617464052148883,25.0
2.0141578211689346,1.7290069739367588,1.8030511209811506,0.13580868743867713,1.3823466704100318,27.138165628234578,25.0
1.9535590382317727,1.7008582212594205,2.0271840159056778,0.23649640283328435,1.3768756322188225,23.20188313494492,25.0
1.9701931352828046,1.7441817156802086,2.04431205068852,-0.19371572003740833,0.8912001942574113,13.664044006602847,25.0
1.8799487667512882,1.952462697714954,1.889649686615186,0.061988555734729646,1.3751838388970967,22.080794341350064,25.0
2.3557185995628243,1.862160615186566,1.930870254440349,-0.1313211174564436,1.384139736614531,26.842554429050676,25.0
2.15744871611837,1.9699301533149638,2.039047043017915,-0.10402275342201266,0.8625965218166631,17.846331856158862,25.0
1.8618807675445534,1.9141753620326662,1.696801237409319,-0.21281698703191282,1.3545264818263347,10.45720202454348,25.0
2.3177907228298644,1.7165604175237668,1.916282175373414,0.04160293928436669,0.8731359846212873,29.787796560813504,25.0
2.2129869374621935,1.6342385299605704,1.6853489534155532,-0.20881535464679885,0.8767755296789179,12.161490237675821,25.0
1.9004368369095956,2.0720355511949045,1.7576726898056516,0.1960246595943902,0.8869823620526567,23.3558171905641,25.0
2.298984049086859,1.7019180837332772,1.832381362168786,0.12026702803680862,0.8633607870625915,26.389787129444134,25.0
1.8896461654532577,2.0187593215910398,1.6815466647811574,0.14821130309580033,0.8665817837785524,11.959613890816922,25.0
2.0545585481648816,1.874678016925211,2.0819197317304257,-0.17153066213887408,1.3771016584039268,14.246743888935836,25.0
1.9867749491908875,1.7211632915530661,1.676710766754,-0.2302576043671258,0.8736345739860877,10.344262368930801,4.9805384686812735
2.2355377642238228,1.7459739011663542,1.7314843991923958,0.06688394747011588,1.38154333110609,20.436860438873968,0.39660270868323966
2.355522832464542,1.7896114991177843,1.7274742311652578,-0.21722788651650723,1.382790857146381,16.292332212200584,1.6530988564795304
1.9840258723616915,1.9934337515934715,1.843813530812168,-0.009416348530554385,1.3858359342990318,10.92344537423441,25.0
2.305141896216758,1.8650720237458918,1.9585714887416945,0.1945704970938147,1.3774021839849482,15.974703349796307,25.0
2.1150795849476047,1.9411777508925128,1.7017343056765148,0.10530500755452314,1.372423191516949,10.75277968579445,10.39837095236432
1.894291238026198,1.913591420888793,1.7873432307582562,-0.2593214062123647,0.8626440942261234,17.727043433141628,25.0
2.2608283703458105,1.7595923552430546,1.9999105646412019,-0.13622220358785037,1.37014062469545,28.407878991596668,25.0
2.313343921719284,1.7594879951715712,1.6474834993852727,-0.12907856857223998,0.8648063713246188,22.617958416212982,0.5867642800978674
1.9229329086449294,2.041726712057344,2.0045873189468253,0.10150673234504456,1.3694489812354689,27.898327594698152,25.0
2.294448430914166,2.135434052776089,1.8481275670416093,0.018335420673505205,1.3849991872397458,28.576541070331203,0.6689109664195025
2.355014891063661,1.6479550335152076,1.6603954388593767,0.08093749436555099,1.3825587678141016,25.612902273033107,25.0
1.8729286441348205,1.7540495063338508,1.8847311339124286,-0.045752672473035376,0.8660638490021978,28.442150274371606,25.0
2.354909630803574,1.8899082016807007,1.8080914057362056,-0.2481333134141488,1.3820462308472021,19.53800010634915,0.559878359976828
2.0404454333614153,2.008155982950459,1.9477980791605298,0.2291945061235294,0.8637818733696369,10.678526288359276,10.29855833516923
2.349158120187289,1.747249144547347,1.875975782911404,0.26075152864171686,0.8826470816250704,20.999375242434773,25.0
1.8661449755268058,1.8643766645579785,1.7607392818102545,-0.23339758773410524,0.8638305198074804,11.203851019989482,4.403957159358808
2.0755901179104486,1.9810138264955324,1.7735509437155725,0.13594324901750782,1.2904477318419165,26.301035108354135,0.4859339576466065
2.250396920511788,1.6939916707475178,1.6935853208235838,0.03145242049923352,0.8710513952706354,14.628323442609132,1.1337878612721337
2.07939613675168,1.6556218150155104,1.6682525020899983,-0.13509941817771684,1.3631277160716413,16.93889335616962,25.0
1.9924070831576148,1.6943068592072288,1.6704860451684118,-0.19391213525442577,0.8733264083292591,22.14899281083496,0.6077645228988657
1.9465941402292914,2.036068982955016,1.6659666513996347,0.13948896879496414,0.8694123913124637,29.568635864946685,25.0
2.0630117598595814,2.091153441591576,1.6640394084810417,-0.013894835648870158,1.3852435245787045,16.534203674481518,25.0
1.9629148204146312,2.0496620919599726,1.6152956029849155,-0.23323049593933878,1.3834566994777457,29.653078161572857,25.0
2.06826848889688,2.0964778065464,1.6176944899377168,0.04462500612888449,0.8777398631716828,27.84451574811464,25.0
2.0349731803912734,1.6523031022529424,1.612299904929819,0.1688841641886705,0.8657015402786243,21.521962708692417,0.4224328274451056
2.1784265637955778,2.0778062734016274,1.6206111551171394,-0.11639308354275912,0.8622849140275906,27.582228357130262,1.1086855734197751
2.119950173031694,2.1048151531994677,1.7633961603040085,0.04306619866386139,0.8629827735855126,25.62357654389632,0.7049344406023383
2.3142339125456415,1.8934091274256932,1.640066857118575,0.06385417446554628,1.3845292481278852,13.517509761755928,4.635046693077904
2.1526882018932385,1.6735179559681923,1.6425758009295273,0.028321638293177544,0.8746329426390509,12.601366675451047,2.3332490591244155
2.214495626883675,1.6218697114775282,1.5989470889323105,-0.06530897230006356,1.372332103849562,19.320780528824354,0.4531844480897528
1.9421145842258614,1.7554655020268672,1.604359938164127,0.19446906426830235,0.8662299895568601,23.310778742637485,0.5385801972727823
2.25037269184589,2.114369138918315,1.8955053203708538,0.2569516747589993,1.3692149081991352,13.159772872393578,7.576370175683862
2.244821651246698,1.6726359876133625,1.8930995612214638,-0.19360012745663374,1.3848694246499096,10.48506216389019,25.0
2.377819730975407,2.109696867939802,1.6069127154284792,0.18479803316495833,0.8838495242597078,10.746887344799989,6.2178495739252915
1.8902472886444606,1.7217585228075147,1.7363413771183938,0.048588145259276565,0.8674710561986768,27.545199196366553,25.0
2.0634554252874926,1.6723333196596042,1.738575942704683,0.028047314242321292,1.38420273780982,14.973441785989687,25.0
2.2246004603946705,1.9990459320301452,1.5813236960278945,0.18357341648159092,0.8630652375970281,27.940212317058972,0.9466698708721357
2.098553954517776,1.8420705924487062,1.5962852518183983,0.09543026103343834,1.3536759637821134,10.625795164115845,9.379541077814043
1.9446042316308718,1.904738044753555,1.5790695451704628,0.14811654681215236,1.384501960533802,10.382430990113338,10.376999778099606
2.013367551987343,2.103126588191717,1.7658314805323294,-0.20758465875743332,0.8688007511436071,16.720499719974836,25.0
2.3448131841017354,1.650866965421912,1.6092695892469073,-0.20912278805647203,0.8629359272431516,15.276838644362966,0.5558487899658838
2.150085899019308,1.7406974303717084,1.8348595240451553,0.0436436281141492,0.8668867100223394,22.220511061148503,25.0
2.3533792516104115,1.9525709501468829,1.8360632979237261,0.12276589106604754,1.3856159663273242,12.213927856465148,8.43642373386624
2.308538138691069,2.0176349942469125,1.8336824174616404,0.20264751318439647,1.3849262519819499,29.8391380010786,0.7085007406101347
1.9169967479964725,1.8942088801766204,1.906237447140862,-0.09634576469183069,1.382114515864059,24.473644869256447,25.0
2.1910973822857835,1.8123939308056032,1.7931294987378008,0.2161850726481563,0.8660134491414433,11.507017266622002,5.820326920640231
2.123773589363158,1.6551013099076723,2.009150098849496,-0.07790498681351606,0.8651107292758299,20.099393779829857,25.0
2.105481191400071,2.1066059064912555,1.6559828747147491,0.008176037537049595,0.8628761147804379,14.410243758571944,25.0
2.092400102147778,1.9778328931329694,1.7119543338756538,0.01925700053640778,1.3719003878228764,26.111283975293478,0.4603491655158102
2.231985211829357,1.6375366548565224,1.7974940830341084,0.07059893495259596,0.862464184929641,25.373232544745786,25.0
1.9590075319781763,1.8346185765558216,1.6242122538135457,0.20810262646024696,1.3776574432619986,18.209020672784884,0.8978692550964716
2.2756780380090076,1.6127227203787855,1.6358198049875807,-0.19004870553984426,0.8707174510996066,17.02751087142946,25.0
1.9041015799749244,1.7911962974820244,1.6377671830314013,-0.07036767964073143,1.3808681287513247,25.42976713124055,0.4630229506627832
1.9597786836877324,2.0056255909787675,1.633122565757748,-0.040072309173530246,1.3826938011341094,10.601294443517398,25.0
2.246566168494284,1.9735445588082403,1.6310841463249557,-0.000447090735304835,0.8641478319724544,27.849952982715553,1.0603084240433183
2.3410206066399453,1.7179066433431844,1.6290493422015622,-0.08433274145137282,0.8736967760332758,12.489504760752268,2.2740002578431184
2.2369382115922973,2.134652948331041,2.013575140965744,-0.08540671889130097,1.384645281940423,19.813548627802085,0.9027248652054813
2.349412440172057,2.0195898636417544,1.92621305193827,0.20689246384941867,0.8643396124404222,10.33281740519079,11.692392163075569
2.110045683066411,1.822937339325329,1.924138039988979,0.01525377794947013,0.8861789686405527,20.02416405713297,25.0
2.252201745558835,2.0349401489870034,1.740980860110086,-0.04366840844938608,0.8760986207178458,12.52769798783094,3.4854085716280294
2.127820529557059,1.9902939858640543,1.654205122718722,0.21079136053079445,0.8675575408863513,10.220524087186453,7.539772123055147
2.1171879349379235,2.1119922607007697,1.6525906742408212,-0.23641004318131217,1.3861111971179676,14.669469513410027,2.9570229004714985
1.9191567992219316,1.9710918800168673,1.6738702191575772,0.05146870392220097,0.8655185044290975,27.565058438727732,25.0
2.2187504302520584,2.0736355472069996,1.6756236611435136,-0.07648980498466999,1.3768235473740875,12.530445567286275,6.224560062382603
2.261856360950294,1.797038222002384,1.7305742428027404,-0.14895759421729868,0.8661049188871948,28.693660953266328,1.1838360664127885
2.1616596935007526,1.814196904371386,1.6911505928752841,0.05404732888920654,0.863906529910316,20.34003052718717,0.2952567925346634
2.121666932222156,1.9526472110170918,1.939724957556816,-0.11182678101030474,0.8963935215518772,14.248620928082609,2.6225242516350717
2.153140705524953,1.6603234477046964,1.9117579086322267,-0.19028712164404946,1.3797600504899257,20.623708573836762,25.0
2.241214724571681,1.6963028373077687,1.9101921153674695,-0.15580185465983218,0.8718980812140601,29.70053702412451,25.0
2.245832067709863,1.8333563996127489,2.020467450398772,0.1987123103487829,0.8621072261711826,16.92307358147581,25.0
1.9001975668196964,1.9960915892043565,2.0223323866015934,0.1591850502235906,1.3828715684956376,22.729838281962962,25.0
2.089693453864576,1.683133671388147,1.782953746707077,0.006322788900954667,0.8768851811120467,10.882131324145268,25.0
2.114448737607088,1.8721520462203476,1.7804657303272882,0.004433187971802994,0.8656682624841724,26.462582455950002,0.8268947971742475
2.018758319192534,1.7855018560714018,1.8717475390011982,0.10614302913916798,1.378061032772259,23.75096057313581,25.0
2.121454923445718,2.044468711976223,1.8699423895958076,0.20261885775390404,0.8687130878049476,27.208586933765996,0.698944154401598
2.255022623623055,1.856460144370401,1.812500179216735,-0.04845340030870116,1.3851951922036343,16.339717786906004,1.9595912343461706
1.9052790728041469,2.094693949858013,2.0732916335054847,0.20129617339778144,0.8677598974466485,11.339728366264028,25.0
2.090307962167508,1.7681214693977538,2.0774495428203665,-0.20891414022458493,1.3830049746299928,22.70551807392835,25.0
2.3590087663804025,2.1244010758213796,1.5943479159662914,-0.03784839107335271,1.3806394859935025,16.102349131791872,1.9033539358921479
2.284153095156951,1.8729475189055271,1.6264369781318686,0.04080381672750011,1.3782690633700418,29.707366380097007,0.7956152636650503
1.8735568137527558,2.0302364136598126,1.7997827039614847,0.19930554340293896,1.36537773267405,29.431557211243895,25.0
2.0966985923888566,1.7436681227338644,1.8013724760007697,0.11489618109454156,0.8726838302060048,14.169967809060259,25.0
1.9691381437066744,1.7263262718820287,2.06915444012991,0.023565115616103516,0.8764418133137042,11.164231004124524,25.0
2.171025330105344,1.9884194041795216,1.7230242634789972,-0.11986202373428419,1.3814488827480405,14.281558307350046,3.633343716326308
2.075343170712426,2.101907725203813,1.8394362094909709,0.10911540855316267,0.8633027970382097,10.319708896585826,25.0
2.316549291176915,1.6386689417368616,2.0650696426149273,-0.2547141045276139,1.376536112340596,10.387579611678149,25.0
2.083689639640807,2.0685828242500417,1.7284110110137783,-0.26003361807827974,1.3789181994455262,26.19882361044366,0.5175467478273214
2.154293987779167,1.9515409136363076,1.5870782428004098,0.07123818906687847,1.3633133080312094,23.777393720812668,0.31289125505512294
2.160379971420788,1.6538061251974603,1.6482865800781659,0.14348155047245706,1.3353790659013596,20.181233504299968,0.37326064877703086
2.3631213793591215,1.7509974077873438,1.8472427511491336,0.16831280477091043,0.8649165663345694,26.758768945497795,25.0
1.9671117129043911,1.968963109491946,1.8487559073548028,0.17641023785621235,1.3852858947520958,19.749312053526562,25.0
2.1573171348923466,1.8819577675141876,1.988291849574663,0.09462578862914084,0.865852273618694,27.724813968952123,25.0
2.132727481473114,1.696101261371827,2.0883419636645018,0.0712734076243262,0.8771516212351302,18.576240554105144,25.0
1.8943549136142364,1.7202129675901843,2.092305611152907,0.16122975191129582,0.8833445960623361,28.06528938674084,25.0
2.1148572642336902,1.7598670624687385,1.8811399234678818,-0.09778834712248025,1.3789449549134538,14.715933554396313,25.0
1.9306468200103455,1.8528346238362157,1.8797719385271618,0.23116255152797902,0.8939371066328398,29.530222149716465,25.0
1.8626702626238096,1.798206705023131,1.9956278152925515,0.02782427450990377,1.3714315289464478,18.936498336737433,25.0
2.2072437652518695,1.8168882072741652,1.7190069372694126,-0.06633577944755074,1.3809436829838768,20.557936717782148,0.35865276086352876
2.090986631665638,1.8958223798814202,1.5834198937492865,-0.24846845506007698,1.3842126660100234,11.33439482087546,7.426802107971707
2.0953967721619375,1.6766784044318526,1.5850486795050245,0.12088673477624035,1.3696833449496686,27.874313000206815,0.6242684374967675
2.2984452013156607,1.795235780862853,1.955195420300936,0.21846674772128866,1.3830910098732232,10.887814066682958,25.0
2.0888077890697145,2.1106212694092874,1.6714139491280586,-0.1353326324805915,1.3768289194740324,12.596916391046753,25.0
2.1265002137252047,1.9226561808080413,1.6700277678503512,-0.11919090076995104,0.8643254657889738,15.373945329071748,0.7330227199380712
1.9234481127627654,1.704704072229779,1.9432103261461682,0.12322905665098888,1.383612295989775,14.108154128185548,25.0
2.239833416963415,1.955547780493128,1.899824205634231,-0.07766849168799021,0.8638404973764171,15.065557989215911,1.778957673762191
2.143185917061626,1.8527474268546127,1.89119182949468,0.21961309535330448,0.8654246763134829,27.672752271059984,25.0
2.272509562347011,1.9354263869149435,1.6017351140583174,-0.11735806413545614,0.8863588413623951,13.941931243903849,1.2658407584833289
2.3249010385447892,1.8810214818121127,1.5982514344378451,-0.1601248810516561,0.8668708180334551,16.232139280268292,0.4117873062350355
2.358701151085906,1.7942385362548425,1.944303014188551,0.13479664681162343,0.8765793087045383,13.917235111673723,25.0
2.3075500994023317,1.9844692226246095,2.0960465338733685,-0.06876683316940178,0.8763372236698878,17.235061580657796,25.0
2.2793142932853594,1.7132224586111007,1.7534918432106494,-0.16737273798674385,1.381726668746484,26.094950271370024,25.0
2.3272037321798016,1.9524160036735494,1.7500355438172357,0.188128156766494,0.8720829847317169,17.033494038262482,0.711370945758449
2.0410092044944106,1.8718589657357982,2.061312832967824,-0.13342869714452846,1.380486405746802,26.256644012031803,25.0
1.9716101316798393,1.7464167898653136,1.822208351144733,-0.034127198018980655,1.3773068359656282,24.658011087124677,25.0
2.0716721893348646,1.9349903355383575,1.6435058409350742,0.18829268070946503,1.3804684868554504,25.003499219762016,0.33708094448755754
2.101422355725015,2.1115541952968004,1.9358457431299374,0.11578673077933946,1.3562840388756108,10.012244315473817,25.0
2.1633680146578156,1.6735698254684355,1.934737866720597,0.05564156559106172,0.8779942023033896,23.39005964699397,25.0
2.3274141446038343,2.1205133545787396,2.03476280178442,-0.042396769063729564,1.3814064743113446,11.715273752468322,12.083065927307107
2.3263706366415753,1.7494379305496521,1.7765987903173828,0.06464570650762014,1.3790038767171127,29.773700730586025,25.0
2.3187472850277104,1.8946829422997493,2.0579283229126037,0.07166668259056981,0.8717366631981658,25.946216996810712,25.0
2.0879703588129086,1.6890594384616893,2.0545987583038623,-0.031212930681153613,1.3849646431511515,18.119155180302585,25.0
2.1977777394157605,1.711958590449111,1.732298765926249,0.17473446684633243,0.8623279566665374,15.657268619739662,25.0
2.2642977227164964,2.064547708788712,1.7912263502713142,0.0423897002973308,0.8686541678581092,17.74274086630541,0.5048255891647581
2.327408716288199,2.0307570859545074,1.951746325917986,0.03112721651590187,0.8646582688708939,12.379552394122095,6.111385810413511
2.0840381402244015,1.8866606676936437,1.7057411123358046,-0.05245796333461633,1.3828862605164665,24.88361697143587,0.37499968112824356
2.196936670365712,1.9817429241361266,1.8073402928699431,-0.011875821221597882,0.8708465942275923,25.47693671154496,0.6928347358638907
1.9497518251234682,1.7625310406917578,1.7640407671728031,-0.2593236054796186,1.3802510555220138,14.013716555192586,25.0
2.3201261545021983,1.9520071992034997,1.762936056689876,-0.038579651071427655,0.8656437263613271,16.203419998667208,0.7620327650705635
1.901998979657498,1.854754196059728,1.7648840563297348,-0.0072519205635488086,1.3685306549425242,14.93242888847949,2.6428393709367644
2.274422031074238,1.7317380940871323,1.8283096676611363,0.11360099488617581,0.8631088870210183,21.736361474662484,25.0
2.270447292675378,2.0653962594312687,1.7088365762722697,0.16147541104942745,1.3738411423350088,18.887097462865782,0.8642095855529647
2.190210160692698,2.105743160176346,1.6466716249166322,0.08688230617850887,1.3855763166402668,29.677189015071914,0.7709531981234159
2.149063426880272,1.7728273342200416,1.962530094774333,-0.056856633918770265,0.8902159704042529,23.09847313239071,25.0
2.2024293020403682,1.8968771979983603,1.9657260859704313,-0.22051742320417533,0.8629452799417742,29.96369754771336,25.0
2.103358750354626,1.9920594183736973,1.9689357047605862,0.0318872878622673,1.379468689030166,20.9448922959701,0.4865890215902615
1.9384900460257382,1.9051859043111827,1.761598096092614,0.045241888053887604,1.3771655962940823,24.91910025516708,0.3580789154151294
2.0951207773655445,1.6928166439246843,1.6928380609823197,-0.18690889197660088,1.3806442678896194,11.429037964972949,25.0
2.1256066089008008,1.7559053048506268,1.6941009766626098,-0.14360716684556152,0.8630784738098981,11.781816416415356,3.250420910771933
1.8592584472152673,1.6978695596582591,1.6916931220412301,0.17011240810225872,1.3834683383656874,29.99648588112664,0.7996995038624349
2.2279799143392824,1.7141578730176161,1.6115817165023383,-0.06271195947198564,1.3819711908168435,21.824603806439438,0.27997822710031756
1.8807617209305307,1.837564301690665,1.6213995584853838,0.13606740256001013,1.3753712102283893,16.276607348992517,1.6242473569345537
1.9645673071411085,1.7531811513748596,2.0314831967177946,-0.20630439401459905,0.8857717425670094,14.916550161950198,25.0
2.226202068328083,1.8462734266687086,1.6050175584556903,0.098797897359069,1.3823792314958516,29.009713182094572,0.7015482496805856
2.3764935270297225,2.0580218012836347,1.9204434972607103,0.19163577925655023,0.8786126762866152,11.608856116990387,8.203840298515164
2.2644600086193942,2.121368635105788,1.9721696867034737,-0.12425308938487771,1.3837849107249052,28.756550402475987,0.6909183066399818
1.961812570249491,1.8061772590505638,1.726621114170585,-0.041748823926899235,0.8654044486347693,23.57965645961053,0.6131693726819903
2.1220117538754564,1.8959024243263574,1.6894178202875323,0.03675802819082023,0.8695980666716886,18.030055416324053,0.3166157275644098
1.9249230564275284,2.0241979810857487,1.577551023404032,0.11773004739415616,0.9486523588737356,12.22491448340335,25.0
2.0771763278951925,1.7489204360513266,1.5806676092252079,-0.2237307478527687,1.3327594365460467,23.525175610083345,0.3808371636201613
2.2683114390437127,1.6694745669703706,1.984735781574437,-0.09911538389471587,1.35385672247916,27.605185246066963,25.0
1.9252909921335721,2.128557419438571,1.9816067011162848,0.10635938665001093,0.8715365815218905,10.725027705038874,25.0
2.223161888923244,2.0755522172342498,1.7028302345032376,-0.2409873265746813,1.3778595045888555,26.221670045468763,0.526471288682055
2.044945651680538,1.921734131750833,1.978474967661564,-0.23419434469393235,1.376291406743158,28.372958949567245,25.0
2.211688166088027,1.903315982829805,1.8946774802183173,0.005029297958116944,0.8849360125837594,27.91910405077951,0.8932730338679568
2.277779550278402,2.036670743377499,1.599689453622576,0.10469039877877558,0.8720044400547883,22.16512879694021,0.4174056508975246
1.9951594076741825,1.7318241431937371,2.014295094201646,-0.05211102069212782,0.8621310674757439,23.752300268844124,25.0
2.0816575164813114,1.6863927072914584,2.012970886200276,0.07422226125067734,1.385477017712305,13.928675797349763,25.0
2.037766115138641,2.02989427499751,1.975357720369824,0.11160431919479125,0.8700807671832039,23.674763401370246,0.36529990651590094
2.064698949322588,1.8268403099966462,1.677612441093357,-0.07317572336634111,1.382612806508132,18.597190680005596,0.6559696156921597
2.1185921507891075,1.8473335521012029,1.8088905152193695,-0.033724263511414,0.8752652084309281,17.317660793641757,0.47368726598582356
2.0895075579151916,1.6297952517544174,1.7797180907690264,-0.1049537947932359,1.385871300423601,19.0845891829122,25.0
2.154444336186302,1.984322107579068,1.780949851518424,0.06410374446173359,0.8645613511572118,10.049005809398754,8.885759912598317
2.0873222729178353,1.7611650465123978,1.7126693142880507,-0.04477655874888175,0.8839931609691604,22.932059846112445,0.542085843711146
2.224473450521952,1.7688017837223466,1.6954336361618978,-0.17150122509618482,0.8640732265873248,14.919448829296467,0.8535292155540302
1.9959290249306791,1.6164086378432054,1.7310933692814245,-0.17455428251067767,1.379703709578503,11.088585715990273,25.0
1.9481887603769352,1.9831884286745414,1.7301797954946683,-0.17807597964020905,0.896468525068319,26.342566215872942,25.0
2.2292556631072857,1.703849909452427,1.7290090448250495,-0.11706683593576134,0.8684717788332245,17.953439129985036,25.0
2.3070803993789464,1.9934107414963957,2.051432306775883,0.04706752026629363,0.8813952785526074,14.05144436414269,25.0
2.2605933484403877,2.0587818739152484,2.048463244974648,0.047016408081541165,0.8647433852466744,26.97217225703189,0.6659985002162476
1.8977360750310615,2.069638986581251,1.7155909030391172,-0.1494578464738882,1.3838253298430192,19.34173854416774,25.0
2.080782633259216,1.8270989061530325,1.7280307180639503,0.22311786075969958,1.3819427337496568,20.92804555479701,0.39700464867277496
2.116565878412971,1.9895557783454514,1.8190290913196157,0.2368609628420204,0.8773748360340041,13.016094031211823,4.135857460741301
2.1390138186066716,1.8946774173697332,1.81607764071939,0.12691041914747075,1.3843189455300398,11.635763024744504,9.048402623500655
1.8968086620517841,1.6833898584216234,1.8634199610027764,-0.1280028949278717,0.8630414949669044,29.285326656630644,25.0
2.159498641867021,1.613366889408153,1.8663501783062477,0.022581602391762184,0.8735738535925287,28.577272148110513,25.0
2.213108520016265,1.9709774042064956,1.903115990006831,-0.1865182132587295,0.8648332015881862,24.940412205717276,0.6362873780809092
2.137773626466547,2.073924287155036,1.8518890069241523,0.10718670193581457,1.351074781111242,29.990912962701074,0.7857677357441701
2.1878208496009677,1.6998858416682887,1.8547778942527877,0.1450722366988615,0.8635836495745397,19.610790537223334,25.0
2.3402427226597626,1.8303755971413624,1.8576464068940426,-0.22530396636602126,0.8710533611471526,25.228481301253385,25.0
1.8965718976476813,1.736851650119788,1.8605186373226874,0.055054518161086974,0.8719853842035218,10.953159550987941,25.0
1.8960992772265153,2.1177646683955773,1.8965727766461116,-0.1424332833901459,0.8675600694997797,29.0830652017018,25.0
2.1059071099168696,1.852164099560991,1.869168664824719,0.2317320856953332,1.384509308118024,26.49552863762101,25.0
2.2587766867304473,1.803581759493711,1.6036491607291292,0.06196248169272119,1.3562566201611082,10.123701675966688,10.862527086721569
2.096498523230798,1.749648033283995,1.811725494544338,0.04279510844028776,0.8718782477808801,26.92724592210506,25.0
2.303290147893999,2.0324075655247817,1.8131696192740419,-0.25653143404534196,1.3806929066802847,29.6518501661521,0.8479878692491829
2.314301873253969,1.7276878730477827,1.5747977024558122,0.12872880547806823,0.9034597671195771,28.650052287171327,1.0807673287147286
2.3002742360125428,2.0325810538701683,1.7469295040528239,0.17600808966580483,1.3600147700918626,17.736369910369756,1.3458827639187738
1.905418305835818,1.8709312875712867,1.804421333947099,-0.07976103929460505,0.8638349157260992,12.858016809484972,2.829607105336482
2.024120372006904,1.9547067926495254,2.0171129780035706,-0.04992729689021203,1.381125361400487,24.477347241423757,25.0
2.0507135655171846,1.9870405511427882,1.718340693504314,0.005548851326083716,0.8892279020454339,11.1972316590434,5.229131016014476
2.0743650310375803,1.8486179739902824,1.7196673298532394,0.10490901561218186,0.8653450292843643,17.533461388857987,0.41444457408689805
2.021235611485429,1.9595169321645762,1.684059808284301,0.0627374116316522,0.8718918694556725,17.746358792722273,0.35393064702349997
1.9338629571154216,1.8644542085445177,1.581964091472522,-0.2618097000023596,1.369112446112002,10.233733261966114,9.33940421370642
2.290056593241447,1.6359220969230255,2.0285404123500115,-0.024404673943142295,0.8794817355898864,23.204846549657294,25.0
2.1326172755081,2.0972959820918287,1.8703455079629996,-0.1385677483741098,1.383079990323545,21.603191153618646,0.36126452309705503
2.1068601591853584,1.6833290324482637,2.0258440815064946,0.13889624968883174,0.8693768998764554,16.621556477992723,25.0
2.195177408999293,2.1274780942551277,1.6509958978269585,-0.21567490788014712,0.8704108657120402,10.590663406855057,5.423071531940555
1.8599147725415415,1.8811648945543802,1.9915752114088847,0.14392393033932668,1.3655436190197914,13.681789078474432,25.0
2.2273012037398683,1.8244494489912906,1.992580378376067,0.05810038281984956,0.8623043231406592,14.010759866986938,25.0
1.9314881224144953,2.0562935879998703,1.6235391507025798,0.13376876953839126,0.8997967703620351,19.643218148009325,25.0
2.1827226975993113,1.7091918541452964,1.624704941931413,-0.011401959141251678,1.38507650211629,10.258290846433429,10.293616065504029
2.1164068081674965,1.7083972597324795,1.6258733641613534,-0.20606238329500365,0.8915433582589226,21.655143347418647,0.5537554893401526
1.8974385884724176,1.8056392012338822,1.9467740975450443,0.013845529716043296,1.3810454583471357,28.036379357930024,25.0
1.9304680590115602,2.0300673262767046,1.948750082209216,-0.22514781461438604,1.3767384674536285,24.87263420075383,25.0
2.1322085328684053,2.0330413303295716,1.6418900121244724,-0.07755215809805933,1.351637539710052,12.175022976851663,6.200114146606345
1.966136424101943,1.6202136092817299,1.731675629560306,-0.25655406465220315,1.2719563454385021,23.974407916250108,25.0
2.33376780287571,2.075923495982294,2.0456595822879016,-0.12422761670130031,0.8917486684622682,11.428586786916544,9.619212217608489
2.2626773459593155,2.1220095097847755,2.0429912533642347,-0.10735813603916688,0.9874725396696993,20.3348554949396,0.4548356184177835
1.9000320544407112,1.8622456811727166,2.040338055303852,0.1954472161397532,1.2422486149350567,15.7416600093649,25.0
2.028834596031938,1.6527731219824418,1.8883239762968038,0.22854007999987397,1.142889460102909,10.92781302765243,25.0
2.1222210978077487,1.8503481171751246,1.9295586049818867,0.10199373496639386,1.1390614419662213,29.53996968332992,25.0
2.3757216720213292,1.9167903487250413,2.0377377413171596,-0.07290875041470982,1.1103625000897046,18.86976024147273,25.0
2.16187533157156,1.941457333394455,1.9322044622017496,0.02944738062002006,0.8775313445210423,10.07441046054915,10.882580669639367
2.178416621468405,2.0639834500967313,1.6980847629785683,0.14388738788229133,0.8840089794288242,19.892689646037258,0.2710772215280278
2.177516414659668,1.8420933011490213,1.9150037650641716,-0.22171715993739868,0.9748776756535074,23.192828522001413,25.0
1.9610743744160586,2.0845425943105216,1.9175589684308607,-0.15668241484458792,1.0412394572711032,10.085090942965742,25.0
2.374728389699415,2.0670560504201814,1.686663336706988,-0.16171366484044916,1.2387259906911305,10.14424871620414,10.185504554460586
2.048177064564424,1.9168343582848815,1.7351116694326612,0.18138141636133448,1.0700745157804776,29.536245073949424,0.9343865549253427
1.925377408714776,1.7350514750534782,1.7564419426221158,0.13519101733408706,1.0142629695267593,16.74398290726115,25.0
2.017463415794354,1.8540028835059752,1.831158343659792,0.17683548689159434,1.2297893769091581,27.5726445995996,0.6153637955867749
2.3444980434161278,1.7439431744722496,1.6803332944198823,0.1972285625171316,1.2983347283538702,15.828731295608641,1.8879989703190174
2.0161825665268105,1.791025038487173,2.083119534611389,0.16250875268209608,0.9056315268970113,20.75880661095473,25.0
1.9391359219910278,1.8293117454812806,2.080700096504639,0.04813119854114484,1.2328024116336989,20.574231749173435,25.0
2.059706303377922,1.8767258558546038,1.7005733605094795,0.027051260438594717,1.2109937867608853,13.433643198209776,3.2972460429153854
2.052781719389829,1.8365330092698828,1.8426451420656873,-0.13981506565243948,1.2711129956143539,27.294384257861537,25.0
2.2624149960156092,1.9793959041318943,1.9597362959235072,-0.09307406813630498,1.0320355871536115,12.360000044179431,6.148571396394362
2.281228632474155,1.8963506803713712,1.7885292167924598,-0.0805938418153442,1.2055680029963638,26.654609915472765,0.6676732683665741
2.076561515569392,1.7020000941204854,1.7692386332550782,-0.015627791269944877,0.8791394511822194,29.630773464704752,25.0
2.32285368974195,1.67674620002908,1.7861860706174741,-0.20014344872131554,1.1560543446162537,14.233104326759602,25.0
2.2730686018606794,1.928900938635899,1.9987362577169812,0.15537705029388543,1.2915509452395395,24.932537535546086,25.0
2.0667754095686695,1.6847982379049327,2.0010830484974,-0.1689264577292043,1.2146546215608303,15.875216211338955,25.0
2.342719925269774,2.0959973691656675,2.0034182917006924,-0.20144347068847082,1.177484539169554,11.812483259053904,9.179090543226065
1.9402229059492015,2.0350592728145545,2.0057696711092583,0.23739508303942253,1.307216066128161,26.031768961983488,25.0
1.8604874378138905,2.127248697221849,1.9074219463705424,-0.25226418651354904,1.013934413304364,19.9964915072869,25.0
2.032539319408635,1.908088551928053,1.6592398643324837,-0.04379446049114649,1.1848207024589064,17.321959759748733,0.602780209883448
2.0463602632681996,1.997466072324605,1.885880269681809,-0.08288926971232569,1.001837000934711,21.56877276567574,0.2921231585191412
2.356947133124384,1.8424614497249814,1.8748274663016562,-0.0496644245563993,1.3774878479428172,26.80741643612022,25.0
2.199330367415316,1.7708968443468405,1.8770940758849783,-0.16877406880697726,0.8866062421267712,16.08903895858953,25.0
2.2389021404459073,1.7892816297991334,2.0103012578322392,-0.22033749886240744,0.8950572979319114,28.828649028232416,25.0
2.0608581424264316,1.8202609441469717,1.7942140833553968,-0.21372268286236137,1.3258196130660889,12.734458553012061,4.984448831121079
2.168734535376211,1.8596135236419697,1.7669545548712398,-0.07169883767360996,1.2813697074809807,23.924515523439602,0.36574069338186604
2.324579461071089,1.8638688486480424,2.0080237303736155,0.08302589696595569,0.9194006635555497,14.659611885726296,25.0
2.1532553891171604,2.003131423029154,1.8836298014923052,-0.044563241776827106,1.3606884419510032,19.943014066428717,0.5643789289987023
1.9719830941933723,1.7204086265486453,1.8449395360014447,-0.13195582386386376,1.0197239399357312,25.502492989501235,25.0
1.924777772847345,1.8986392889915116,1.9574746722539875,-0.07360214865829337,1.0354604022883978,11.209797845016277,25.0
1.9162332039239325,1.9970707595723813,1.7964116542326571,-0.053203229859280304,1.016196442209188,22.735019588937526,25.0
2.229676488368646,1.750475235757654,2.023426499219951,0.008907424527478003,1.0846753971235938,19.664913343797068,25.0
2.1445031974060216,1.9731605321701564,1.6614700420675304,-0.15685557948602402,1.122438621087074,25.213914729599864,0.6624577822300685
2.292974097904841,1.9865000240675699,1.7240263450414601,-0.025715890377385912,1.158215697472476,25.9730608379142,0.6370729894633269
2.083274066824343,1.8501176266486288,1.7220410046451007,0.042922816938098296,1.088979970204936,12.561121869059932,3.841784813914452
1.8990185760506701,1.7776672265947298,1.657047595300422,0.10389517409429544,1.2847430811421405,19.417727384054288,0.39527849434867196
2.2766898776281312,1.7031058023285213,1.9230854139587328,-0.16787411776194539,0.8765934246233688,21.40545929713348,25.0
2.363267270744179,1.932190796426155,2.0743243338507344,-0.18847502990707343,1.1905709879308277,23.311481854380077,25.0
2.3216290246952007,1.8618569878923688,2.072252598891447,0.04476249796033078,1.347797518490358,20.380365147994826,25.0
2.2841084610098816,1.9425113058184955,1.927217379643381,-0.12718297269902581,1.2525073139572158,11.262129729181245,9.434800878988012
2.362021846343635,2.0009720075299207,2.068113460779748,-0.20299481230911418,1.1934812694774393,29.738209726358278,25.0
2.1967533630991234,1.8262694655566523,2.0784750518948982,0.03301769664089532,0.9992836167847122,16.49057684588509,25.0
2.284769679153957,1.8152635247632138,2.085340960858589,0.11282105090786937,1.256804348467937,21.630656965705963,25.0
1.8698601420527616,1.6409512919429128,2.0764144721945756,-0.16823393103071727,1.2558014414987566,20.590423095356346,25.0
1.9396250115615712,2.041508917242144,1.7839681833073626,0.17605282464724525,0.866493582119248,12.995710839048726,25.0
2.3140000811189307,1.8129339895730812,2.070177205688301,-0.006619378995593728,0.9952827852862465,16.19361832905565,25.0
2.019493151450178,1.7488382870534833,2.0640280484727667,0.17893082200987326,1.2722188713307663,15.52366089602443,25.0
1.9528100079947617,1.655084643721645,1.989296289293517,-0.0469499425647138,1.1541949618721594,10.129624505476848,25.0
2.0569994262155324,1.6929904909184925,1.8404458770588485,0.13734207947722854,1.2458246948162246,10.846829016661994,25.0
1.9544551825943168,1.6739926899010664,2.066079596408157,0.017110629509317687,1.1758652530861526,25.86301030486212,25.0
2.2698007618001905,1.7241902647313776,2.0933102393309237,0.08219970820844075,1.3700912908786707,22.99105866050674,25.0
1.8916126339207429,1.931676862682313,1.994629794480059,-0.16601537685245932,0.962519850973868,11.509703847076182,25.0
1.8759574078378403,1.9019006083104548,1.9872930796843113,-0.13422124345150446,1.2111062464651294,10.46906071973197,25.0
2.120863791192299,2.0533385025506568,2.01946619104418,0.22011841044863228,1.0061570451645707,20.631824786873786,0.44801785626306234
2.1506660249240706,1.7226107019182426,2.089337227653776,-0.19728050596844718,0.9736675162797512,29.260810832330804,25.0
2.2636538990448254,1.7700159176868269,2.0873688225227554,-0.16252670756067955,1.1986242162002063,24.47316110844556,25.0
2.2211426334473217,1.6199308084648825,2.091336927966076,-0.2343241881283324,1.2019505935211787,23.710006068946416,25.0
2.192846513727074,1.9266931534301572,1.8384607725225823,-0.1951206896992321,1.2592379925442383,14.939442239441023,2.4656397723996553
2.0945118047882683,1.6753926453819832,1.7586494702041322,-0.24196070741433928,1.1394862464906839,26.66716302649739,25.0
2.018661437710106,2.0910386949889435,1.9127365869872783,-0.18614366011914732,0.8664753765015946,23.810837088400103,25.0
1.8665629544608437,1.9473036603510663,1.6825317232464636,-0.18500496469641392,1.1169734066132397,25.173490283635847,25.0
1.9796397059401032,1.7523925726314042,1.8727057924873867,0.24582398721598495,1.1548621404188857,11.532799654258248,25.0
2.347117174536398,1.7226254955569653,1.9966043284428325,0.20243713379611317,1.1927422447982063,23.799635560076776,25.0
2.072935589961218,1.663767983347989,1.9406337519944672,0.19165191042024798,0.8731267580730695,13.052823445068249,25.0
2.259262132177932,2.0239797937942274,1.9052763238190669,0.24775678891289526,1.3106314159939647,20.529718000573016,0.5928243239199852
2.0862694115385216,1.8280410616348743,1.9006904685058201,0.2600036836922171,1.3332316132051765,27.606033296933013,25.0
1.8663940310651876,2.033120951858913,1.898964094961703,0.2470925776479182,0.9002784370637342,26.18194158886903,25.0
2.3654784874953347,1.9357275984665463,1.7492162749398847,-0.09781835931430927,1.2844588682732192,12.768866866336628,5.140113200687575
2.2824468221548226,1.760036568161087,1.7508359780951441,-0.21703382804250682,1.1671915625994775,15.795828990967085,1.102718592257929
2.338601281849738,2.1269976349739546,1.9542954415386162,0.19723899673337347,1.204965138362571,21.8474481354254,0.4016514041968377
1.9721746010692167,1.6761645000452767,1.644266159616418,-0.13519150221744242,1.0000792394278641,18.62514286808908,0.3243038333569135
2.12895190086643,1.6799749687580694,1.8230894435855378,0.029198769040628476,1.0844322443392163,23.265276524028405,25.0
2.3436178187508543,2.0644597256244888,2.0969302648362937,0.15737072335027125,0.9031609350527623,14.273916741688545,25.0
2.1159109047137195,1.8021116446807233,1.9696770426524628,0.1260016441046647,0.8896248960226983,10.119938024267068,25.0
1.912119863331454,1.8069715825085604,1.7526228964817068,-0.25587898101043066,0.9519534678157289,28.51582968277991,1.1819196965302634
2.03115157366992,2.1042963472201275,2.0604439740825415,-0.2613469315204017,0.9884145958019876,23.11274307084274,25.0
2.072089271581188,1.8278101983988344,1.618561232893784,0.26100749155704445,1.1291607465998441,25.48365502140919,0.5028596342574119
2.211652369351331,1.893913080256035,2.0951791096636443,0.06272993461355852,1.0538055984562833,16.199487235630748,25.0
2.015596771769279,1.6937929686079316,1.9714257596366893,-0.13216415290873484,1.1086008965715817,20.66637409993286,25.0
1.8795302877231814,2.0279109163069684,1.9746296815015216,-0.21706310539864437,0.9074476049199489,14.822756232997865,25.0
2.1519944142515577,2.0185040543520993,1.7543548630862313,0.17089161200226777,0.964261918521412,28.947815671297803,0.9268550694767395
2.3650748870975318,2.1076366654654,1.6144364671078428,-0.05462407494732999,0.9483440542448148,21.08657658964823,0.3530796638759206
2.2088948471199554,1.7358859149718666,1.968200763644114,-0.010769317261563716,0.9407989504809026,11.761945165779464,25.0
2.0125074906603135,2.03656259895077,1.9729091375731669,0.2053330119996138,1.2075040733995883,10.494325182537487,25.0
2.274374888582331,1.9260714019747673,2.062170643585664,-0.14195624478404517,0.947129942366373,19.51518193072311,25.0
1.8749675316765466,2.063005290870363,2.033938543734469,0.1886391577546246,1.2217497789974927,17.455382484009437,25.0
1.8881328137362803,1.797899668043482,1.950938492737726,-0.08040384204939413,0.9093320721063114,15.917346547376345,25.0
1.965971376408918,1.841657188006097,1.706455460781009,0.10636409915382067,1.3622408388069382,10.671183623425344,9.74065196367812
1.9606925001788202,1.8195362475092391,1.8213554429411876,-0.0024960434190721137,1.240149096542127,22.212459541302604,25.0
1.9404307005445625,2.1110818817183095,2.035607159729869,0.03356106745624504,1.3381738736977993,23.086466400778583,25.0
2.1118881486037897,2.0244159276086298,1.938233163213519,-0.08232369143386012,1.32250267817988,12.744514241040633,6.848433784656319
2.085453175301183,1.9500631220607323,1.7757501507364857,0.021489337436058964,0.9764745270181998,28.80863349448005,1.00480190315975
2.1532095447790933,2.0112983250181125,1.8496016048812145,-0.16843501261576652,0.9116056825120706,28.725799809241153,1.0714353114079307
1.9733201881871392,1.817139723008467,1.5915073830993103,0.13778771028861825,0.9855701908316916,17.877068704316223,0.37263959526445123
1.9329135443805887,1.9161426991408697,1.7774332060004143,0.03573402847629936,1.2805394579620093,21.92628776504483,0.26962731287558583
2.158428136516899,1.8811647936196847,2.0537573763401893,0.23744367470096772,1.0082877316258945,26.391181163100793,25.0
2.164321489965649,1.7312301633909213,2.057088625929659,-0.24392769878969967,1.153881664533155,26.499357277936557,25.0
2.2710989842758815,1.8963807743342764,1.8022121743853146,0.03552184167705513,1.1209032009096909,24.817392434842173,0.4937936019795365
1.8609732055901114,1.6430218491220303,1.9525373913593178,0.0803649697550976,1.3719380688562253,21.84955124057047,25.0
1.948477164387007,2.115068682294692,1.9760557652084212,0.05678033068143418,1.0993114061618208,27.657090676671736,25.0
1.9986446283053785,2.0021199956752724,1.7905216010648612,0.14981881704162725,0.9227813301454758,18.67280906255253,25.0
1.915220405662674,1.8628897875380286,1.8066327390962544,-0.13924295587252503,1.1774531546165803,28.109283607649594,0.8792390300200258
2.0688159046817844,1.64653090841922,1.8274836676433523,0.2403987562662811,0.8631842240396055,25.944252525835072,25.0
1.8681001106196988,1.8103675828846877,1.7259211447697815,0.2020517153725562,1.2660610590352899,22.50577250512066,0.28379007328171557
2.0350578982173544,1.6402375035192927,1.6887369130446033,0.2508775933811234,1.0376035479891568,12.242816610055925,25.0
2.349307922631773,2.0130158770168465,2.0587525387400003,0.16693026369218011,1.2396342110892462,10.318524101844773,25.0
2.265618708593858,1.8398570208125735,2.0554268910766735,-0.1402910921444624,1.3447020182991458,26.3924989676748,25.0
2.0657830064412654,1.8282068376428193,1.645959085762977,0.021303773632015188,1.1067601103163016,24.312683324335545,0.5406693944604274
2.245159422510808,1.8542329885745248,1.7081289868370888,0.11225235224500496,0.9041206622433164,16.17330069040206,0.7775709366937628
1.9958338297007305,1.850535356574621,1.9196650205440995,0.16536160830827573,1.365053260396968,27.65832265306015,25.0
2.3775924497306775,1.835984466395518,1.8291223582109304,0.09621729226323983,1.092117396417922,18.732383185139657,0.4640506604726876
1.9968297791881873,1.9086299120190622,1.7437579308474067,-0.18045446296717535,1.0839101828839313,12.968859942195476,3.043811500714993
2.150128235481271,1.9090772719528761,1.9665367271706153,-0.018162196635855665,1.0204588564569557,15.626932689061967,25.0
2.2623824144526257,1.948756055552676,1.8095686550697916,-0.10915706310771411,1.2528626410031098,14.231281863715983,3.1938662828189637
1.9991013654507919,1.9493915437726153,1.9093818107939378,0.051533359360883775,0.9753256790292728,19.984212313522125,0.303462986417941
2.28542256488682,1.9794907733655258,1.9424023677027493,-0.09337440882196718,1.090377488123417,21.42529177311355,0.3056547629955016
1.964100800174501,1.6302599970832101,1.9212148020665154,0.1921989841370917,0.9577380757806011,14.256913885150858,25.0
1.932240937795124,2.070151762021423,1.6782978153072827,0.16013774622426113,0.9159801943306778,11.699900179018318,25.0
1.9273937862573476,2.125513873880917,1.8258513463036743,-0.13604428332318233,1.080095748835538,26.82156262638933,25.0
2.2524219575872126,1.6667416751666262,2.047779294001907,0.24961729276519679,1.1330000195264225,15.03466312144123,25.0
1.9825710259086335,1.6870174852847823,1.963332480264049,-0.25351004208652905,1.301174540647151,20.952415574267448,25.0
2.3353565975679365,1.7005009108591234,2.0491457407377003,-0.23290687449120523,0.8749754258872017,20.71191917934524,25.0
2.1433243242049405,2.0729672551151954,1.7453748798258701,0.15262128775203926,0.9169189484771577,11.847592915901132,5.258256573417688
2.076051838069523,2.1205320468910034,1.9617280079478607,0.06581245387340562,1.06016296250051,17.288492401382577,25.0
2.124933135232669,1.8726369240214222,2.030688320854472,-0.06731127191738638,1.064254703218645,25.72141902127425,25.0
1.94029027104969,1.962831416369373,2.0322797312397047,-0.16062057139227282,1.2717800157251893,25.352272058276416,25.0
1.9638463937739543,1.8478416211110573,1.66324221068334,0.21423878075574107,1.200849606458642,14.290238412231666,2.578573427285538
2.350009562739558,2.0768882379990226,1.9024401424442157,0.07271721702232598,0.9978133901856973,28.354900025123236,0.8569736873491469
1.8914021107368573,1.6178457821696048,1.6099354370603223,-0.17218119852238145,1.1519441320854202,26.919971034117186,0.9868604022000704
2.225832272173323,1.9387110511128536,1.9808123754283657,0.010167780963410367,0.8913876139156512,16.528816240410688,25.0
1.9964666444798373,1.8389982076572524,1.9649337527347894,-0.0560459019417117,1.295466257795703,17.533756478190835,25.0
1.9258485968777308,2.115384608838082,1.977684152569816,0.17629312705172462,1.223837592585856,14.831740415675982,25.0
1.8770801341499164,1.9637520866958649,1.983945241894777,0.11140968051088446,1.0115753962815683,29.702089665039885,25.0
2.063489535117239,2.074258998903577,1.7133268129487498,0.1574793291958631,1.2118309734733161,29.439886600754118,25.0
2.3347448060448497,2.0626162597092197,1.7330830722254704,0.13821579637529235,0.954453685327146,22.989948934478456,0.38773394942444483
1.9939938616506434,2.0005914948909096,2.01218888556438,0.07216165042248712,1.2836544564868049,22.27350195906595,25.0
2.0089800229230583,1.8080950352133418,1.8525554318883515,-0.2152099631603312,0.9334034021577529,27.70841120041252,25.0
2.332201257891114,1.633494814128386,1.5898800348456559,-0.04693058000712527,0.9020145947029746,28.25875992886152,1.2091695708503052
1.9284297498302743,1.8254595610777802,1.9855142318766583,0.13287678023801658,1.3646498062156558,27.477420287512928,25.0
2.2842762759873234,2.0264341347402133,1.851228669168263,0.08763690252436723,1.1338116667730147,10.388040657689794,11.028748352480159
1.9475210360647506,2.01492545708786,1.982381666917241,0.005605586564846721,1.2572706429666156,10.326111319129554,25.0
1.9939295581559067,1.9758227509598925,1.8138287969639657,-0.24726295967283557,1.0690828179191043,12.558721793127887,3.9842836845856677
2.062641363532331,2.0486987781333204,1.9792456350408536,0.19841086549332035,0.9432309400307798,23.284789296420207,0.31578505708722604
2.230701741472229,2.0411388010403497,1.890421565835,-0.19483710036913418,1.3695727624436336,23.96639456082526,0.3409523394098953
1.9547128207467388,2.005793387354228,1.9366142820499284,0.1319973841669311,1.0757087207906968,29.24493800049059,25.0
2.3406859723874747,1.6922268699204766,1.818319830734067,0.24915739669370096,1.0238867559160987,20.725491489822485,25.0
1.995252538600716,1.8854201632187528,1.6674857749374201,0.1861635433024107,0.9755110378777254,14.005021163946045,2.0502045951784678
2.277050364920304,1.8633222120463189,1.8197350436042123,0.033587186192232533,1.2846894598006233,22.98536333634705,0.2955903546794513
2.211258534916744,1.9579978687049846,1.6129237719615972,0.02487591267938044,0.9464168058879753,10.35743271704125,6.292571551213642
2.301177204905755,1.7026503353515612,1.8790141661136708,-0.17811403150246985,1.2503565477096017,22.524889632550842,25.0
2.1359224446295606,1.6958767096925595,1.7042898311247965,0.05072602224559025,0.869096653947499,19.027185050130434,25.0
2.182052215197006,1.8920089206148147,1.7113319820906272,0.019659870200215035,1.1414768687906252,18.128832722931868,0.4687456155283142
1.9790057535494052,1.8905997350926338,1.8153566797404077,-0.1563642810160326,1.2329614949686178,19.545567488507846,0.342375202792391
2.340339523873839,1.7492207531929955,1.8167975691104317,0.1091220926356737,1.3661595138847629,28.529811933704337,25.0
2.2919041884571865,2.0322314884053823,1.5741554185956226,-0.18362113099626348,1.049697948365823,20.242632759864026,0.3030779413230361
2.161585000865577,2.0315862966583826,1.7393199203646257,-0.062305038159577185,1.3594692761871483,19.3663058568469,0.5616450088664646
1.9890454864660532,2.0031522856558235,2.0506887301685257,0.11675902173420905,1.1573863624822123,26.447340496116997,25.0
2.0238697090349995,1.9733528945116379,2.0521741461037664,0.046196199090604025,1.224285372341873,27.950074083863857,25.0
1.8731311399549757,2.050098732771129,1.7741602482029795,-0.08575699590266644,1.1123774917912375,19.87471757442024,25.0
2.103472205205013,1.8171520779825543,1.6960606275267003,-0.08723028077152098,1.0616340240669861,21.022381069781257,0.3096485884395538
1.9888207922348884,1.6492241127686884,1.6731310641171162,0.1851512304981186,1.0132199575112573,12.722509749381064,25.0
2.3122408776260204,1.7613685544750355,1.7148524412813981,0.13549351828895395,1.07562759298039,27.02904145357317,0.737591195960473
2.3039543074137967,2.1194080341758275,1.7163295687577886,0.11486538619333164,0.9180184007413787,20.262804374496067,0.2810096627111036
2.2140900727091744,2.132431950580824,1.6160341813497507,-0.1476725254239168,1.3277387907617593,22.632158626917594,0.30859142873864076
1.9569166622450704,1.8366363384454092,2.042387842113356,0.15885378387305432,0.9856058452089191,25.41764591943505,25.0
1.9292790425148736,1.6580688843682674,1.8670870786288576,-0.04667267007007453,0.9620418673057362,23.841396061184916,25.0
1.9461249213347818,1.7225657164237482,1.6350849826627836,-0.2455891891640044,1.3603547569496401,27.23171450986856,0.7021890982524224
2.009415751604469,1.9199384318866906,1.575427042917348,0.09243547687611625,0.9814924330942523,20.614907006981,0.3146451574643872
2.3143134515102446,1.9369805701269283,1.6283955796668093,-0.12566319233283244,1.0616866948080455,19.74798726426835,0.270456249180961
1.8633573183658947,2.043808784732075,1.8641539484450391,0.04905379429601956,1.1175758498012622,29.663132539064904,25.0
1.9555263710773578,1.8003187178686053,1.8626860984684595,0.10255684890315525,1.0979265407443723,27.088446015630716,25.0
2.0359939234570157,2.02977348855573,2.0150276010234416,0.03725087012120058,1.198420691323119,11.399784318935325,9.96466253088297
2.05857556476966,1.7417339576113586,1.8656190190038404,0.13831035512410117,0.9933392998276352,24.343820037172392,25.0
2.0746003027478697,1.8727714915334257,2.0435840275662724,-0.1951938445429418,1.070650807272616,21.082942929225588,25.0
2.361359392646462,2.0802138336750478,1.8050759369518943,-0.16635523717612322,1.0802385303355986,19.822019122248374,0.3197101561553527
2.3327771354714533,1.737760647972029,1.6986563209873837,0.2568508888835666,0.994954427380843,13.569150272218806,2.787465436236015
2.0717712244124784,1.626406199766738,1.8367497301569253,0.030276004468185347,0.9495183540494794,12.847184506528556,25.0
1.8811697759374184,1.8412237153660969,1.6689747220692288,-0.06492240418823053,1.2556403737406565,19.779604276887078,0.31126452366638263
2.211421297149263,2.104531099898059,1.7475529403624255,-0.18742649820113558,1.0873459503875857,22.849336294214602,0.4118912755471264
2.313062824696496,1.9253639184507887,1.803772916370875,-0.18528937919116628,1.1136865106244935,16.395711500549776,0.9984466484149437
1.9461946879244358,1.6322508715120287,1.854056515730986,-0.0036192179509577094,1.3130732334590725,23.693917039725005,25.0
1.8978698157229823,1.8755593263762456,1.855498878661847,-0.04374509277896977,0.8916722102292168,28.13140212254488,0.9893230216798772
1.994305445925222,2.0614924114747657,1.798215082052393,-0.2132855454834207,1.0980303822907571,15.554462006113852,25.0
2.0407625235582367,1.8032559334332696,1.6394028062397212,0.1715067494429233,1.1596472248190186,20.276406193802984,0.28330367215955077
1.9815802959934903,2.117163475316699,1.8583662453953667,0.1577801857541602,0.8826304059115397,24.27641717594374,25.0
1.9906268975807095,2.0243182972292715,1.6270406104301829,0.02050565045737402,0.9513375940511236,10.445396934925894,25.0
2.0013177313220254,1.894481338712329,1.6975196191550384,-0.21028617696254018,0.9132685791543238,17.51072380304654,0.32273801891604104
2.030961916696502,1.8532623620281405,1.8612354576267287,0.03386348254982672,0.8682693782061359,24.06797879010466,25.0
2.2460536057758804,1.6620670310141425,1.8598022862545398,-0.1266595023681099,1.156264333782286,25.94771792916985,25.0
2.0070393556977724,1.7804173903894787,1.6846323364315732,0.05734584539578946,1.1915129169073742,10.747109533101046,7.212078653939545
1.972801862242262,2.1312947603076844,1.7790019542813391,0.12989591917489113,1.3776970745472312,10.175882763165397,25.0
2.1668524133422085,1.6954770859126245,1.8972877152436816,-0.19439969254568304,1.184996070316642,21.007731776259686,25.0
1.9975366391309317,1.8853108500063023,1.7202428191709012,-0.11985874622458001,1.10934740207334,15.91048539560795,0.9383847427130738
2.0652423819249943,1.983853517333287,1.8569331355320768,0.2601786306683433,0.9214048187367474,16.130201987136473,1.50026012681846
2.316671564380248,2.126402168204484,1.8818520661992029,-0.01914916914973723,1.046700844489799,16.572279119639568,1.3215167673068742
2.0629667226804114,1.9828206094202834,1.833092099385605,-0.1142900420710512,1.2211617444328926,29.968514825080387,0.9876385313379621
1.971087386832458,1.685885309707925,1.6062499287030847,0.2439028967423525,1.2068932839813078,13.085102699950205,3.5840751195850977
2.343020239285436,1.831312306789575,1.640717229725062,-0.19109666522142255,0.9318594003487322,12.462894063261784,2.537198955071994
2.1607456626836217,1.7532434796415204,1.7600924662623594,-0.1649629779376247,0.9630880443814932,23.220849707562607,25.0
2.059211965816478,1.7462355056556869,1.7370462251079943,-0.12818432855311818,1.3355918759701146,25.386433135459775,0.47917071487840013
2.0411696887819653,1.9606750096670869,1.6200131471498842,-0.14748456690467077,0.9390352256841156,15.814257895038363,0.5790553670062915
1.8788354092994528,1.6605272240679383,1.596947536544978,0.22379131177229825,1.1445603975464822,15.507068806543838,1.287925808966027
1.9275862531102306,1.8314774272154364,1.576856513046406,0.04882539945911668,1.0139451409663014,25.070519700868033,0.7360066644934804
1.8624706881279989,1.8683938426016695,1.5887084053271336,0.12111558074440654,1.1633014962977477,12.031181329803537,25.0
1.9693295873485845,1.6136016840208267,1.6075575460608447,-0.10428376454850735,1.2660020731785968,17.62158205940527,0.5660662431285894
2.125705050036516,1.679993787982583,2.045001894272677,0.032971704618252565,1.3709433334735763,15.598576170937326,25.0
2.304221087271468,1.6699073501420394,1.9036796883100735,-0.25858706358452765,1.177859341601139,28.75571192812311,25.0
1.8825783124467006,1.7269860444454912,2.0177977976622983,-0.07068423475222155,1.1136280827817369,14.568817620478775,25.0
2.3424358978020074,1.953898659427085,1.7822695891016926,-0.06937182552628147,0.909832695020328,15.882334347690414,0.9580484849107533
2.2625476116215433,2.104844872554632,1.59284262710416,0.04566596498581649,1.2822346064920038,12.837046575138062,4.604939966120468
2.3191827697012006,1.8861667212648952,1.8246590566012546,0.14603349651871578,1.2887629055606276,26.20732623041697,0.4700761420155034
2.328113727080937,2.1103662509344856,1.9315513574051577,0.1190704051624981,1.142706613443458,13.443606810837284,5.432950205760646
2.269442347504388,1.8737011276111024,2.025163965416272,-0.20938054818763646,1.366449165255003,11.82954797894784,25.0
2.0652630448542677,1.9658081332077242,1.7345440670262944,-0.0915839393424426,1.1847612223042625,14.807632721013935,1.9357337726562975
2.263613361562352,1.9520691017502452,2.027862202481513,0.01969892330830325,1.2095641179982974,22.27947380601553,25.0
2.2156291556707264,1.9715857606295273,2.016436623381909,0.130368193895965,1.1455923717880587,23.41156700472838,25.0
2.1577482428362584,2.1160361366313496,1.8317068356833668,0.014332101574490377,1.2929132576828233,15.982155522910931,2.1524766303117517
1.882228586050841,1.9230441584842328,1.8306102798257466,-0.2258494008787914,0.9012469210088646,27.239043195994128,25.0
1.9066010090897947,1.6604969763976543,2.0463009100202014,0.15572279741305306,1.3396256853184032,28.926390052765466,25.0
2.3600334513493135,2.1088659592619483,1.6087251347263316,0.039695013407321504,1.2621559352016216,23.948935480439996,0.3904845288673352
1.98846696944096,1.7525576681551729,1.8110522285806063,-0.251247822254403,1.3345269990602633,25.792206279850856,25.0
2.292169776115347,2.005756463791141,1.8684959469560567,0.18378916890659924,1.135738064426733,20.088323945886888,0.4304508373551804
1.9957513695697178,1.765356577767639,1.6860213021263226,0.14734022258011145,1.275223733572835,21.42350197709931,0.2764749191265676
2.3331931576766243,2.0757818347394523,1.649649338408639,0.14314684869381372,1.2760413339486743,28.04830138779549,0.6942740602808768
2.335692553018284,1.6507261854863264,2.029212297478322,-0.05504837603295708,1.3323914735874547,28.43707281496752,25.0
1.8577863483804236,1.9856610420359342,1.7356706542491687,-0.0647476941199556,1.38431926747932,16.218276990841233,25.0
2.2772383432587753,1.7720116533498127,2.026514047262731,0.13994866387647395,1.2080199452221203,29.94552461320201,25.0
1.9070096883014827,2.11705015607307,1.949416986910141,-0.1458451509245421,1.2092047684489917,21.54062097847017,25.0
2.3588877499775514,2.021117255228104,1.6382963094199872,0.17052300331269077,1.3545792361973616,21.740171508003655,0.32533696796137723
2.251300159059926,1.9979557384371076,1.5956534765902504,-0.039405719565144645,0.9580658678342718,10.878425567397647,5.063228551403917
2.101618019686167,1.732735291237455,1.6324584410414151,-0.21535989989823506,0.9932761264602437,17.353793562438717,0.33957621693827283
2.341812070710956,1.7834035995908266,1.8889868277006416,-0.15074374308029193,0.9514813974484773,29.742311425319777,25.0
1.9880629004553154,1.7387863967719226,1.71773086319593,0.14526729432538993,1.1585123741646604,18.699463033316874,0.41627011852256735
2.0064950776383776,1.9413382568539992,1.6337810922936398,-0.1655417629145685,1.0278106822840742,22.293232473911427,0.4667758065265358
2.316377145951876,2.113106104268245,1.6797630529353311,-0.11538428717641427,1.1154941324894327,13.900325262099699,2.4279026395079066
1.978027670626564,1.866205375123741,1.5875866532174827,0.21931284810320067,0.8778212190894605,17.265164302100455,0.45365019007643775
2.022377521858983,1.6587959653797464,1.9302144309220066,-0.10858410866303023,0.8620649741170351,25.143398802321162,25.0
1.9303109859043852,1.8854313994145346,2.0409938360390116,0.12537780319294872,0.9551823968748406,13.137415169284917,25.0
2.022746454983881,1.6352406279247969,1.7879982295178145,-0.17473535150336822,0.9847423931806158,23.809482338452923,25.0
2.20913869717124,1.8929008850046172,2.0383923927961454,-0.03538921875608258,1.181601080004253,12.477782885889864,25.0
2.044955213116474,1.8255776020518446,1.8863786026574036,-0.1292219166428717,1.2304179696417514,29.729152473081978,25.0
2.3513320984971497,1.8559365259002154,1.8853823334142918,-0.1464125103772088,1.2864990377437773,14.527549044742852,25.0
1.86034353756844,1.7560428766615257,1.6808957830278024,0.06727930889227669,1.2657143967658875,13.091975964652004,3.628094970587931
1.9433315875880246,2.0945888594464597,1.9328257722879578,0.2596806289618463,1.3528057829825584,27.541371659505185,25.0
2.290253260506642,1.7915155685954365,1.7101091690596062,-0.00772208879942627,1.3378603754743523,22.579728198782306,0.28078345205743455
2.3475125732264885,1.8615089683554193,1.792531267380603,-0.1504086792534499,1.014223355684489,22.426043064473053,0.3917406959288541
2.245751924004762,1.8362441001326744,1.8876770624329768,0.21008112683486896,1.2479989897557668,20.97259175194558,25.0
1.9079574765349467,1.9811341668497413,1.9289118526791367,0.22867962006012058,1.3809948585770313,16.68549496896418,25.0
2.279411935335874,1.635011307193178,2.037091105683782,-0.19289989844173075,1.1682789870755714,19.321038506042424,25.0
2.215848834472838,2.0890809389438822,1.9182046389533118,0.20865864641229542,1.2532124929040176,29.346272413790956,0.7323886381299587
1.872792717625055,2.0024436985236203,2.039692550095917,0.23143575179121306,0.8927122988007441,10.174209293686472,25.0
2.0409717596975456,1.7381040434427508,1.8465975628361442,-0.013675217539634583,1.3677615958871026,17.853142325878373,25.0
2.121218325409819,1.8950602407854769,1.9143588992336844,0.10998297484246165,1.3465600782319285,12.829925796403687,25.0
2.11067324816975,1.7227436158798615,1.7425538135598533,-0.2524620840385687,1.0373033197280932,25.928492023773583,25.0
2.27238012836436,1.890229363903811,1.6653240422528075,-0.15427177950950327,0.9716409143912308,26.12186853728187,0.8836227173422159
2.0701168999983266,1.9791070533241655,1.6597533046181532,-0.013236329468891944,0.8883894216073907,16.811970912696886,0.4455445729514982
2.261017227579582,1.993425736029984,1.7890454327692038,-0.017546850361053593,0.9459317270290173,23.813079907444287,0.5010612126242262
1.9004362850538803,1.7022332270724811,1.6872730074503988,-0.23607715268763124,1.0776201358855082,11.348132337786637,4.2182457519334395
1.9475407251266896,1.7673499793056662,1.6587281043589308,0.1375134484253337,1.2812692386911664,13.273420788319473,3.75273176822352
2.3647977631866404,1.9426401821601122,1.915642970494199,-0.14159314734163134,1.3391292272034445,12.801132643454928,6.680547969764714
2.3754204240227317,1.7876413917689695,1.6219442963264468,0.05275481041942016,0.9326368892081645,27.614909088237184,0.9862863523557239
1.965844721792533,1.9130830083051662,1.9169205717524183,0.12653998510712017,1.3577188264528768,28.538521474940577,25.0
2.2385626803207375,1.9899613955014597,1.655344391504702,-0.04573343210958264,1.0131353548161335,20.615254578410017,0.2919761056675863
2.198215709488361,1.8106699305958505,1.6296053744521988,0.15073888806261942,1.3543546728123876,13.453053392614853,4.388128245966109
1.895513211617203,1.7771482256015443,1.5865942356245508,0.1454128493815544,0.9217653890962403,29.824755739927355,1.1932063582739019
1.9225582258331855,1.9029159060652467,1.7664662470110528,-0.2047343282843677,1.1393511883104626,14.678946098136475,1.7078230700368988
2.2576134604841083,1.6524843869767554,1.8924670995077497,0.08662620775218327,0.8698381491456952,14.369246114846614,25.0
2.182609917612069,1.664355791061534,1.9341066327791296,-0.1260167463452809,1.2619615580118662,28.164567322121723,25.0
2.0228321729657823,2.0541676449096955,1.7000120770015203,0.18947401988959334,0.923369507678998,11.87023641931644,25.0
2.2117047674912884,1.9718745973073497,1.9461431799598867,0.08089878747055913,0.8690443482904117,23.720648152729662,0.3995219686996191
1.9494291823733991,1.8377160657349352,1.955825750063624,-0.1531084886383607,0.891483292408279,24.390526850764775,25.0
1.9128886825443145,1.954711771861998,1.7011339666595273,0.20212977899181456,0.9742464055299064,18.026628112547897,25.0
2.3586890830529397,1.8978709793456938,1.7023342291896897,-0.0600114779567642,1.0354644228967396,15.67403407995483,0.9992027087208393
2.3732085008646173,1.7213039739133806,1.6012084915765523,0.06260002333048778,1.2828586423258153,28.01014395631754,0.7383771873727059
2.0858672374386877,1.6741940839702778,1.990947281446758,0.12812900867089766,0.886413433955162,21.072721878379845,25.0
2.1564213532493097,1.9232863906678788,1.7674355223275375,-0.17895925014940406,1.37081795060159,19.573942891660522,0.4960596111678738
1.8749358692758666,1.6474766650484238,1.9603087313891197,-0.15020632358488276,1.343712685713253,25.103863724541448,25.0
1.975943534828844,2.1318022657236932,1.8831411837261274,0.08005042726606908,1.16158434534839,23.269828554256954,25.0
2.078526261766268,1.7268004342272163,1.7415324958812062,0.15067286463149182,0.9685361167749172,25.263032464438965,25.0
2.3686768090762516,1.6915479688826274,1.5796574343647976,-0.24621483660634658,1.1255870031878261,17.871308074247573,0.34154102916959034
1.9166765209354237,1.88953750711207,1.636436910840664,0.25519002547305664,1.2725680576813831,19.075393552088528,0.5234960485984309
2.2644184046364577,1.960002910085605,1.884113992877924,0.0249606677767239,1.273916816338426,25.64195484224465,0.45777371117889193
1.8711954659975587,1.729550656758999,1.8937155425701557,-0.009561905362706671,1.0225007663594814,28.074977820305254,25.0
2.2039557459873915,1.976425423165991,1.757057316221516,-0.04128868455516833,1.2018276570812716,13.133826928483225,4.074540302031464
2.2256269444952608,2.080770036841094,1.7558299751900872,0.024784658636819452,1.2794503683319631,13.929841266757522,3.8376224266633496
2.1248686018412446,1.8902125366628872,1.6022429240151317,0.2251614153961916,0.9100811371097413,24.457220589723093,0.547575638923187
1.9049755461305415,2.0007829037750717,1.9256275134206398,0.09889148925491643,0.928192069922423,28.911946846501422,25.0
1.9511645776933542,1.8721960850503698,2.0813099142191533,0.2555714848873862,1.1642233455095927,25.589008141005813,25.0
2.178597998002857,2.0031641317960522,1.5855277250018611,-0.206272953986134,1.1100376884478003,25.979368046967416,0.8090717733973842
2.127511092411413,1.8049695244349186,1.9591783136570127,-0.06718059923368164,1.0262853638667169,12.669182381531314,25.0
1.9129798801809197,2.013628888165952,1.630587581977113,0.24293971576347748,1.1616527792931002,25.038716600583765,25.0
2.2125385333254974,1.8034190702673016,1.6565888273390978,-0.21585602961559303,1.1150045589783077,25.136347721531756,0.6985871063134872
2.1276810645040216,1.6510580076796417,1.9449076385147508,-0.03772942115679382,0.9502890538460463,20.74226651575188,25.0
1.997343794819072,1.6379393686131383,2.00398523052481,-0.07673919473306112,0.8639717645965561,18.85632201729394,25.0
2.285748146862881,1.9783640312631166,1.6609970934076173,0.17801397021617438,0.8919712771689642,14.94203873898413,1.3880175579366074
2.1240489514923615,1.8366605581038526,2.0028529212750033,-0.04081729964093061,1.3378635719531193,20.213282987511025,25.0
2.1615509120333694,1.9190151296705684,2.082519632940904,0.09873273239325292,1.0128786672092776,27.40990764035969,25.0
2.2890886657552003,1.7408635466495754,1.7235564260528238,-0.09681468264707577,0.9531100961862133,22.73885956156324,0.49367913739636793
