upper1,upper2,upper3,lower1,lower2,n,output
1.9921863079071045,1.9921863079071045,1.9921863079071045,-1.9921863079071045,-1.9921863079071045,19.96292436911861,1.0
2.96112461008876,2.093831291732134,1.7096060907387711,-2.96112461008876,-2.093831291732134,17.55402847116223,1.0
2.119577478632703,1.8734595104893361,1.8356079417852893,6.285533994301575e-16,1.1240757062936024,21.321183598389325,1.0
2.9801141109678326,1.7079880114031265,-0.15255875758694182,1.4232756123974672,3.0,13.382994815901299,0.0
2.8903029067067196,2.15664822458037,1.0300392357050503,-1.7539623414129888,3.0,11.821721327260102,0.0
2.550481372177328,-1.230923477425448,-2.1283935432181,2.7541307158677437,-3.0,28.77558855125445,0.0
2.9323039243261046,-0.35321605104978177,-0.5565406551331556,2.009076251605074,-3.0,29.91053846416303,0.0
2.6244459561545908,2.553602043267136,-2.3221850873341037,2.767875929267071,3.0,24.4160340128425,0.0
2.914846783948824,-1.0390816326182457,-1.1064169510061863,2.635824534374357,3.0,27.521735086846235,0.0
2.610986204703829,2.4126064870484534,0.5625578748314408,2.974857719083803,-1.6779825338521663,26.816224163737008,0.0
2.915657018377065,-2.507398288240431,1.6501046384795666,-2.729247385626386,3.0,10.127065300223794,0.0
-0.5090248019466853,2.632680235905795,1.0822454770129322,2.3502235008583265,0.9093223665714091,29.179786028810568,0.0
2.918371031107645,2.405876436160449,1.5500891899178129,-2.069538429713475,1.42720916404878,10.210737292963701,1.0
-2.3889015818610684,-2.8442307519483294,1.770348348149844,2.8611048957092224,-3.0,29.88258326766161,0.0
2.8385938220273497,1.8783576093357075,1.912602568367102,-2.854954957513383,3.0,15.5652748048737,0.0
1.7427350981176553,2.924199895884356,2.0767081777522742,0.5262252067994835,-3.0,29.28067544772531,0.0
-2.355842590136798,-2.3597760961269607,2.033391816751683,0.38510203547472055,-3.0,12.912858925717837,0.0
2.927914748313715,2.888379407727426,2.1599477319599627,1.4554196508910289,-1.790186491807016,27.685191226462482,0.0
2.7167814935483037,2.515781967478765,1.9486816625747996,-0.4474990321862465,-3.0,29.171250455332785,0.0
2.3702074341593913,2.814966722888826,2.005909680004796,-2.696394550117953,3.0,25.5375120405563,0.0
2.9792444849083553,2.499816678508177,1.7990113370625882,2.817217982681381,3.0,12.376730761178372,0.0
2.996723878030184,2.357923578867336,1.8718353519329027,1.1704471009411053,3.0,10.767167761592265,0.0
-0.4469760518245433,2.4313580943549717,1.8192493554918892,-2.6254018466062887,-3.0,29.41873047117174,0.0
-2.9416912105024093,-2.639697378335461,1.7364938154072629,0.27498330844599905,-3.0,29.818465233322136,0.0
2.78880048697003,-0.37733768307634913,1.9585350536575303,-2.856144348651498,3.0,14.871358044348762,0.0
2.283922262336807,2.7090700396380076,2.116483509780914,-2.9683444691045486,-3.0,24.24349372450067,0.0
2.6362321167293086,2.5257923707614998,1.385624036302592,-2.022651065543441,-3.0,12.719806937387817,0.0
2.5420387957367234,-1.4791083008506578,1.8199587653025107,-2.0671306239381457,3.0,29.954561726277895,0.0
2.3396831786646253,2.6908036462987415,1.748763923359971,2.0563992574611527,3.0,12.7647638494167,0.0
1.058221501490531,2.089503848424874,1.861427706977802,0.910577247417558,-2.5013238570732046,10.216556624232561,0.0
-1.3185795218599494,2.748079160922667,1.77916148581612,2.88873250211008,0.5167143556199938,13.33570709485676,0.0
2.942353918345832,2.256171957075703,1.7106820486150027,2.4635562439177066,3.0,16.88949268717068,0.0
1.8492041436189204,1.5486320715175697,1.674222252648633,-0.3535837619923692,-3.0,10.513574368764663,0.0
2.4397814574668844,1.2439495825974705,1.848796822028005,0.24594719189198153,-1.0932710460553612,10.517921818372796,0.0
-2.4311612485474776,2.7313806617764147,1.8956928141755003,2.3221009535609145,-3.0,25.063952137541648,0.0
-2.427414027209245,2.9601773294910916,1.9709699782097527,-0.24591170118103983,-3.0,28.071267228008768,0.0
2.8649866717618044,2.9607142838245206,2.2371210744855756,-2.642935046900258,-3.0,25.659804513509727,0.0
2.657401448131377,2.0558847648027614,2.013729731310025,0.09734172326095662,-3.0,23.799237111441183,0.0
2.9866978600129426,-2.0187642513062087,1.9857887859177257,2.6543425420977673,1.3959810323279571,12.846160523379742,0.0
-2.548724842193847,-1.221140694781455,2.0666801322919715,-2.056824013976676,3.0,10.453550623420474,0.0
-2.5568366257669437,-2.265356485290181,2.048633478551627,-1.827617902379232,0.1884950033245783,10.411210280651433,0.0
2.4673029424564517,2.9410722575498265,1.9361989630076557,-2.17130364162465,2.54718407519937,28.12498289417868,0.0
-2.8063131786444577,-2.433117366177211,2.1293268010383555,-0.20356393140006235,3.0,10.678586935243407,0.0
2.974045896383445,2.107246724323749,1.7213004718412515,-0.36291674031413834,-3.0,12.502674735863874,0.0
-2.3370829322459534,-1.485375098226497,1.7481381507967086,-1.0179315102215745,-0.5605516854878076,28.339801535349526,0.0
-2.804390466060667,-2.4929847849413598,1.7003628934611792,1.573009782038142,1.2198400768666846,29.52349171526081,0.0
-2.9811520940509006,2.616918335203036,1.8145427124966618,-0.5833698507290727,-0.36837471443983477,19.79297346592423,0.0
-2.8374130287063823,2.983087438127534,1.8490254976820453,-0.8924131298348957,3.0,24.922896200135717,0.0
0.9473826409473219,2.074234725635531,1.7793527587724376,0.9746482814970482,3.0,29.9287780251007,0.0
2.913189122204482,2.6068173001910826,1.7284907949389177,0.7692425104589494,3.0,22.180614825512354,0.0
2.586214365629417,0.36094630298288943,1.752158150767586,-2.734624553804279,-3.0,26.25385818704241,0.0
-2.409669406351202,-2.878098215199059,2.052698700548613,-0.5566996256718112,-3.0,11.70923191088152,0.0
2.9159768873927927,0.38919291555354585,1.8884003202848865,-2.544375838004055,2.0512753407106747,12.997679305640727,0.0
2.4854166403328337,0.8014315385938869,1.8765964943174032,1.0882748128945832,-3.0,19.385307348661396,0.0
2.5206156966861015,2.6102253476173107,1.9250468156201288,-1.099985540465777,-3.0,20.916888104081966,0.0
2.59541136222063,2.437474313372626,1.8284597924080883,1.1571750020879408,-0.7002694302746807,24.826977316112,0.0
-2.59242837491518,1.7075576224744309,1.7960140303254137,1.9365520641990939,-3.0,10.61703334808269,0.0
-2.7289454226895655,2.120994121902411,2.0056127127290124,-2.3426713203701603,-0.06475016232724029,10.464312010622345,0.0
2.8502093944476226,1.0363635592077973,2.190235376725918,-0.6117461512266755,3.0,26.540278599863903,0.0
2.3557373147197724,-2.2205163432984616,2.0448051350663747,-0.5230652800253964,3.0,10.623666461791206,0.0
-2.8974739602095387,-2.4577976918894575,1.716904444877979,-1.3562894069774922,0.13174178995276098,29.523274989196793,0.0
-2.2375118781352556,2.367530244856369,1.6924055806574787,-2.066468145429871,-3.0,29.1430698055771,0.0
2.9755642192739975,-0.5078926143235981,1.6468062832070094,1.080356382425,-3.0,10.48500657808702,0.0
2.8459609897449005,0.8340843198884121,1.4226098642398388,-1.6657005070259328,3.0,12.552402515568373,0.0
2.7284664186056395,-1.8013010300718655,2.001876000356818,-2.1330084646801657,-3.0,10.993101042800546,0.0
3.0,3.0,1.9456618223829039,-3.0,-0.8021486781958918,30.0,1.0
-3.0,3.0,1.228749499988047,-3.0,-3.0,30.0,0.0
-3.0,3.0,1.2912735870316159,-3.0,-3.0,30.0,0.0
-3.0,3.0,1.1639370639489381,-3.0,-3.0,30.0,0.0
-3.0,3.0,2.0934878821950393,-3.0,3.0,30.0,0.0
-3.0,3.0,1.7301244638463573,-3.0,-3.0,10.0,0.0
3.0,-3.0,1.3312460214486534,-3.0,-3.0,30.0,0.0
-3.0,3.0,2.025031254468513,-3.0,3.0,30.0,0.0
-3.0,3.0,2.2085391617432406,-3.0,-3.0,30.0,0.0
-3.0,3.0,2.388614158943651,-3.0,-3.0,30.0,0.0
-3.0,3.0,2.3081224331278465,-3.0,-3.0,30.0,0.0
-3.0,3.0,2.529023158068687,-3.0,-3.0,30.0,0.0
-3.0,3.0,2.1378143590413,-3.0,-3.0,30.0,0.0
-3.0,3.0,2.17512478198086,-3.0,-3.0,30.0,0.0
-3.0,3.0,2.269036002743397,-3.0,-3.0,30.0,0.0
-3.0,3.0,2.126453674722788,-3.0,-3.0,30.0,0.0
3.0,-3.0,1.7289841024153803,-3.0,-3.0,30.0,0.0
3.0,3.0,1.768632048280188,-3.0,3.0,30.0,0.0
-3.0,3.0,2.162733637145541,-3.0,3.0,30.0,0.0
-3.0,3.0,2.0386296537512596,-3.0,3.0,30.0,0.0
3.0,3.0,1.7451481197946321,-3.0,-3.0,30.0,1.0
3.0,3.0,1.4505299531384528,-3.0,-3.0,10.0,1.0
3.0,3.0,1.6560424904595024,-3.0,-3.0,10.0,1.0
3.0,3.0,1.8426909813968355,-3.0,3.0,10.0,0.0
-2.4929776975065803,2.1119642110623826,1.3625033989547317,-3.0,-3.0,13.31510758392633,0.0
3.0,3.0,1.8547549741489242,-3.0,-3.0,10.0,1.0
-0.40302740516980445,-0.7044457543157959,1.7050822087014457,0.2352262055063777,-2.6976971232112184,16.885295577167064,0.0
-1.731939054871328,-0.45256121173669867,1.7405730996888336,1.849047630912099,2.9645705239066014,13.80177908247622,0.0
0.6487970475591859,2.9242742628366383,1.7071761861208021,-0.9686460762491531,-2.968054620985341,15.656586289714935,0.0
0.5828949670936547,0.9033941737861133,1.9408719217601145,2.6031953876869314,2.25911244255832,15.251052416643017,0.0
-1.4301597566948365,1.822166492813602,1.9959773299196042,0.20749866844455586,-2.838458478949948,27.906819503178195,0.0
0.6371830395829894,-1.462113557807971,1.9890586881470609,-0.3480369751983644,-2.5754530581046478,20.77235587205106,0.0
-2.543716951662443,0.1462661181318445,1.9809010207504525,0.4436477627090579,2.9903275298539316,10.554163621284552,0.0
-0.3009549607733965,0.5789877475729912,1.8325265731445428,0.9502353482708287,-2.7674519175322563,13.309996771570425,0.0
1.134572771242061,2.237007752373171,1.8386400909127814,2.9183164059734445,-2.589646596789779,25.901040693770756,0.0
1.0285927902497631,1.997668812305573,1.7187451106825007,1.887668791807805,-1.0258857489764426,22.985803945335643,0.0
1.5567831883469279,-0.04729718135583666,1.7028132260366757,-2.9279497352282533,-2.9885007161512473,16.424840729313175,0.0
2.313891074808855,-1.8375921267199717,1.4569968243273645,-1.7014451879427706,-2.77550991189436,25.413286666749173,0.0
2.988344433611096,0.6689694380385954,1.4438768253172154,0.7964187167485239,-2.727503475358909,13.217873725125928,0.0
-1.8420363049957331,-0.30801255338802347,1.664192809549231,-1.3127322141437456,-2.911410510601827,10.420557233760201,0.0
0.3364948157899101,-1.6973730520411625,1.8254826920038651,-1.2250634228263841,2.922747153569425,19.999645814410083,0.0
2.27801962320291,-1.5715279955791026,1.994126269791215,-0.13379926258361,2.7568348595034196,18.013678225321367,0.0
0.1144926606211491,-1.7889465338472166,1.998615938309564,2.5186621865619245,-2.8596883224220493,22.02770190911558,0.0
0.4328088148163561,-0.4226529142831459,1.9835775605017465,-0.5417065371009498,-1.1709104262421788,12.018952172967081,0.0
-2.551207769671424,0.28176014396428345,1.9905561024011933,2.369680055437457,-2.7130800664177226,10.024861868797567,0.0
0.6899173449328336,1.8805030479889597,1.932075831997804,0.11311458108927976,0.3814747688479057,27.16107921874582,0.0
-1.2786486162177342,1.9217932405705294,1.8341128454469215,0.17483488002462366,2.4163396134476796,16.593021748765487,0.0
-1.6322971485201618,-1.9620138462291679,1.8372108352302756,2.833077765757278,-2.7924411027964755,12.237402157197232,0.0
-2.075934437850839,-1.1162322433282437,1.8306056143183955,1.466971210155632,-2.1633152056517853,16.47750955592637,0.0
2.0538010651898784,-1.6366696494421071,1.8405512285915704,-2.407493812741272,1.805110967558833,20.695973554436115,0.0
1.5216332290559604,0.046962418584394684,1.962885510231384,2.5960149842832827,2.849145968864969,25.099713272631195,0.0
-0.9805765558327987,-1.8994137497554089,1.7083523679525978,-1.5469001600584396,-1.5798344388669567,17.275502652275154,0.0
1.1968264061661085,2.386211068996773,1.7423807514666994,-2.487724130203962,2.547153401899796,24.796158412752288,0.0
1.7731903290542497,2.921033717201006,1.72385241722946,-0.7075739109569623,-2.875912921483547,26.826484331679524,0.0
1.0130700171953653,-0.7828746683004614,1.4466068543428163,1.7889579034329148,2.357601566712689,12.660017110963517,0.0
-0.3543180444367718,2.175620155498927,1.4381169323509682,1.6552740535673693,-2.8951630961488637,16.08678811624793,0.0
-2.3303015201359245,1.653859198393569,1.4544625209792204,0.0007745155943372201,-1.6107097276880655,19.09447366380622,0.0
0.15381820411332228,1.100986900086429,1.4628625421718882,2.9347644869495846,-2.917447066164121,12.060596379053887,0.0
0.4562349141958255,-0.09404640985942636,1.9428896074106659,-0.30427570134454884,-1.8540575966566963,25.38229816198957,0.0
1.1224237935563421,0.15938843129308194,1.9875377288917275,2.2976616688220046,-1.1353378774934335,21.396109059437528,0.0
-1.8801971874257033,1.513822935097001,1.997215352468892,2.9119099594914215,-3.0,28.95191115253846,0.0
-2.456689573479252,2.193742694749521,1.6410826055249694,1.9506837199607232,-2.915043514228207,20.092086345024736,0.0
-0.10365708303436848,2.91444919286148,1.5610765448625796,1.544131871672204,-2.755912449452279,17.446449447274993,0.0
-1.0847915862531556,1.5884179931373161,1.539085510859981,0.9277479327451363,2.993758564289699,15.74615250846189,0.0
2.219907351929089,1.1351432737883154,1.4597929989954368,-2.832222229164642,-2.9762916364822454,18.033874789028356,0.0
0.785869835523739,1.4832693307337446,1.9386643481188948,0.6280493172916286,2.781857688736525,11.915595568571455,0.0
-2.2394772927453905,0.22846548516649026,1.4411546794531878,-0.005887398586445696,-2.9224609899235694,21.926601219119565,0.0
2.7160143399265464,2.609211078751747,1.738563304332072,-2.5987368491872225,0.6216321230836039,12.243395815090581,1.0
3.0,3.0,1.684505464358121,1.0086872298227014,-3.0,12.542074710586256,0.0
2.8450967440268076,-0.11374103055280689,1.4762113881106442,2.015657495961426,-2.7475473492119207,17.361316286556164,0.0
1.6002581468621195,-0.565407218012858,1.9755160993531276,0.9571588400867014,-3.0,23.344684436357753,0.0
1.7055859255781716,-0.3918986285025621,1.430390441957324,2.4205354436908957,-2.9437827397284995,25.720384627104885,0.0
0.8483331090242002,-2.7342798141141587,1.4696628828137164,-1.6939472451444635,-2.4262230587767006,20.156498374376508,0.0
-1.8472586215946867,1.271515511114635,1.9604549493090566,2.5010328133598008,-2.600506689555014,12.7719832941556,0.0
2.3138710016931405,2.167574813643544,1.6893734412927814,-1.9809610516463703,-3.0,23.973212785839646,0.0
1.3197383787117274,0.23736455777466417,1.678794196591515,-1.8069210198077406,-3.0,17.3324224080993,0.0
-0.7015283610100354,0.12129495175309411,1.834871444116333,0.6972039278553428,-2.857170115701355,26.095708037815804,0.0
0.4593076252933091,2.076049833841204,1.8172302934833555,2.80415464462065,3.0,21.121398187134723,0.0
2.04307760522822,0.8310818367397433,1.8085589483214324,-2.777903647590888,3.0,13.967973276904441,0.0
1.99756849366855,-2.284378207188324,1.8119390841944751,1.7162205292060417,3.0,25.003740580650945,0.0
2.498585559400397,-0.7620553506342416,1.8314260020280346,-1.6189622817293827,3.0,15.99449684853217,0.0
1.0781623527909607,1.162311967151667,1.8296269650186698,1.271133598141455,3.0,10.596177586251681,0.0
3.0,3.0,1.827088332350596,1.9877598784687647,3.0,10.0,0.0
-2.8426701391075735,-1.7526271822817756,1.8329005805457474,2.7567705927127837,3.0,28.563343364869375,0.0
3.0,3.0,1.8226855212436428,-3.0,-3.0,10.0,1.0
-1.8175541791712055,2.852011118538866,1.71766862099527,0.18211023810855018,-1.8123471858127607,23.62536616119442,0.0
-0.04957402480134635,2.2625008594285783,1.9931330635465843,0.8220886735486265,-2.6247940873293594,21.221533923306897,0.0
-1.110947076396228,-2.64401289962877,1.9913424769046653,-2.8983489949026007,2.7288507841449894,14.274810120720245,0.0
-2.561635263209511,-0.5146513455426308,1.836493306328005,1.6730862370125772,-2.8015119361598804,18.214029759639477,0.0
1.204068196244795,1.5526842534551528,1.9949939018158032,-0.5004179566517885,-3.0,21.119454799302417,0.0
-1.4517357894299594,0.38635820850777713,1.837937934243584,-1.8490334118533789,3.0,11.017838172485758,0.0
1.3884979854441062,0.6365619106755471,1.7061371949958561,1.7842453937966964,-1.0072387823039917,23.493141204603244,0.0
-2.723149161207271,0.4605308340707577,1.6971027099165976,2.663442641361765,-2.96124476296977,23.91738653076994,0.0
1.5084232931904902,1.469579090747795,1.661715869900215,-2.225181205155377,-2.753036776799518,19.91663957270677,0.0
0.020773828821199766,-0.5580340675510167,1.6687955187043315,0.6615672696154337,-2.9147909362543793,17.6212661697052,0.0
2.2036134045393134,-0.42806340010213834,1.8446030976347074,2.692578471854887,3.0,21.484802274022396,0.0
1.9217041848255951,2.4163351216448334,1.9898002218386612,2.01517152302313,-2.6254283215201464,28.22053742160445,0.0
1.8805351826020644,1.6369876020433014,1.8395035638457382,1.1561657989432164,2.883113677612081,25.045311264088394,0.0
-1.0413584774540465,-1.1194623504691243,1.7507405440392751,0.032696300685959925,1.5111841300044775,12.614852188770897,0.0
2.0538407878784803,-2.440471219495617,1.7583453640384605,-1.0904026316174849,2.48287388533718,28.62017655004764,0.0
1.1653836599990923,2.0142146940520305,1.947734060555976,-0.6939511504313453,2.586540870086222,14.805915372227842,0.0
1.4853966440528348,1.7689438480565103,1.9533195351730022,2.027023231503177,-3.0,19.37219521519935,0.0
-1.3236670195773435,-2.88861615007899,1.9512039069257179,0.7872568264591895,-3.0,29.65058337067108,0.0
-0.9610739490293675,-0.609291755100523,1.8360412290396482,2.407459007947963,2.477364820639856,13.636695588406292,0.0
1.048961164178321,1.4899181686763272,1.9555133910608054,1.1784771368559532,-2.8089874902185703,13.052388911157943,0.0
3.0,3.0,1.8399400289846934,0.9460821138583154,-3.0,17.90125737060547,0.0
2.8699693305641825,2.6745260627236607,1.8414900262352134,2.1475164767513126,-3.0,17.820364018037893,0.0
-2.747336711122764,1.7032705205522212,1.7552142144712197,1.6977739254835922,2.8606260875607745,25.283544488958707,0.0
-2.7178418530419135,-1.7788084868375034,1.71024816487596,2.584174482529227,0.30720409706241336,29.256235250553324,0.0
2.4676028914618278,1.331214618692367,1.7136926332957694,1.8571616285549413,-2.7272924664442355,22.247110782182606,0.0
2.5686590685656028,2.2330827236136623,1.7123656466048465,-2.3397887719691837,-0.6508719884557485,27.434690775619373,1.0
-0.04173634812790253,1.0855671252415928,1.9788885453454923,-1.6437819932149338,-3.0,14.580635656989408,0.0
3.0,3.0,1.7039882780516569,-3.0,-3.0,25.030705846316355,1.0
1.2485303138550299,-2.064242559472465,1.6984730985238066,1.0033233632583607,-2.518251698042531,11.265113733126793,0.0
2.9599509130235826,1.8766984062409813,1.6947285760749307,-2.7522980440121456,0.44846632310971074,20.583303870945745,1.0
3.0,-0.07588885190514219,1.6870458125018744,0.9642017577681171,3.0,23.797357192374047,0.0
2.0004548835560017,1.732495123640038,1.6820621776910682,-2.934123117936378,0.6098919648688581,17.793437364996436,1.0
1.1060871329784827,-2.401698395562196,1.672132733711562,-0.006276415582539154,0.939135877678292,14.770881246871411,0.0
0.1403071587924127,1.6907220694296412,1.6801826432933407,-1.027168048117374,2.924872156817248,20.405239669759297,0.0
2.08268363721468,3.0,1.6766343082562754,-2.6498916588895063,-3.0,20.672419538223345,0.0
0.9137862132177575,-1.866807932408111,1.6833817748063067,-2.9229606803596995,-2.1960502367122707,15.17898944030694,0.0
0.5178921802446208,-2.9046772367790283,1.6857087804533017,0.22785799021281583,-1.3237911965407958,19.028399258257302,0.0
-0.037586579415863915,0.10633943257049945,1.9199314116514559,0.7486898207250378,-3.0,16.192376192069954,0.0
2.4918882245564653,-2.4061399551064095,1.9851874225286208,1.9797918740368965,-3.0,22.954598775103605,0.0
-0.17789598091576272,-0.036411562079584715,1.9821303743826393,-2.783652186867782,-3.0,13.115862780613705,0.0
-1.569970236545709,2.5831875718781214,1.9802983174396591,-1.4208925776492007,-3.0,15.324332132502725,0.0
3.0,3.0,1.9677338350433498,3.0,-3.0,21.364225947671116,0.0
-1.3028111224885908,-0.1270734836820828,1.9773139227379128,0.1973529072387775,-3.0,13.099768456804433,0.0
1.5265907033119637,1.4176781318941674,1.6932931448591106,1.437255209573331,0.06691744140053994,15.781126747416488,0.0
1.2457619370111581,1.2183638970022652,1.6909405551721477,1.194207773787573,-2.7858278011112465,10.98431753119769,0.0
-2.9312790737886045,1.7915671994318967,1.4345029222813428,-0.16306551955150111,-2.4731527663591857,11.222658634279776,0.0
1.9456489077516261,1.0681483512801735,1.9862036706349921,-2.685509589485875,-3.0,10.77567810577891,0.0
3.0,3.0,1.6777530894145318,1.2574255114974195,-3.0,17.07547273129585,0.0
2.173707230018879,2.59493473504462,1.6436843815207411,2.2558497204316414,-1.882357759734999,16.29797679875634,0.0
2.3268567008100227,2.904344486069769,1.6309601803094287,1.7524553220532746,-2.988801924225922,16.852173170390415,0.0
2.902075123460829,-0.9926074480489494,2.000158199906402,-1.8881478005150303,-3.0,13.206336050742438,0.0
3.0,2.1744983069388115,1.9342032692672546,2.37948873885812,-3.0,29.98589683541573,0.0
-0.25319806778870246,1.1083234942110562,1.4844523760711525,-0.6239472230464553,-2.64408889065661,19.34950504319404,0.0
-0.01152612080063984,-2.442903461506197,1.4660025544993147,2.7538461237708662,-2.841653783284056,13.04221335994936,0.0
1.4277449884242515,1.580833490868299,1.680940057581989,-2.453373966074412,-2.9270061490257326,27.59577506892934,0.0
2.9612216715605317,-0.30859621296353784,1.6850676419968336,-1.291629954130071,2.5674138405260436,14.965532153066718,0.0
-1.5983455070103156,2.075305094828582,1.636093800919548,1.4855672820638073,2.3748863292075653,21.521514935804202,0.0
3.0,3.0,1.837979067974367,1.3577104152310657,-3.0,28.362942730046736,0.0
2.6088090350895894,2.686065613551707,1.8740908238669858,2.6528205324709417,3.0,15.220400945578296,0.0
1.3638248761743696,0.15723562759576212,2.0095405101661834,-0.5536668873768564,-3.0,22.195009472624314,0.0
1.4547325641668547,1.568121580789709,1.762366525853045,1.4085215261681796,3.0,22.68335384966729,0.0
2.2668524910604977,1.526096119604658,1.6828967849187344,1.0264346936581448,-0.19342789923753562,24.40735802015111,0.0
0.10534246731543931,-2.9098269462573594,1.6771383440876246,1.9245719110872723,3.0,21.224086604308894,0.0
-2.360860878073455,-0.20479586466041627,1.6754955105797205,-0.7948528019575508,3.0,18.27563398373103,0.0
1.2880919127648118,2.8969021344754045,1.6839956807686052,-2.475852285528427,2.5971670486769796,16.08042563142079,0.0
2.828971736424315,2.242562084450217,1.6880351049651696,0.9392496432003521,-2.5848685306788917,18.052763761325156,0.0
1.7590040942737386,-1.6432422014238746,1.9398278465260683,-2.9264003485447447,-1.5161974834008034,27.39457650408561,0.0
-0.5563818825349527,-0.5937358873381196,1.9881516415298695,1.4645864301622844,-2.832195591042502,28.079081226860186,0.0
1.1402189815190713,2.2072995692040314,1.8819422277010942,1.7612898696551889,2.811425200641324,11.035057458555523,0.0
0.9895998953609814,-0.43454693826174245,1.679510913086119,-2.9499712181266604,-0.43018644557287444,23.32189398017788,0.0
-1.9936760582439577,2.2184892545257466,1.9944899218446706,-1.9490742938590522,-3.0,11.531687819989406,0.0
1.9568940930220133,-2.1167328748111847,2.0113896256768053,-0.8843157716845308,3.0,12.068953497970217,0.0
3.0,-3.0,2.0184109783613247,2.631275751966517,3.0,15.980517377528674,0.0
-0.33208106987454733,1.142558928460007,2.003982540791171,-0.29700131324359635,3.0,10.180314087757758,0.0
3.0,-3.0,2.001186427731848,3.0,3.0,19.78323294469966,0.0
0.2844703374449321,-1.8744861627435003,1.9995544683921578,-2.970707752901972,3.0,17.87041178682938,0.0
1.1531256218592865,1.3959535029780492,1.9980601966527056,-2.2957636131996995,2.7983638980603907,10.509412060601557,0.0
-3.0,-3.0,1.6668514013852145,-3.0,3.0,10.0,0.0
2.1769709224653253,1.395813750476383,1.9500108429205454,1.0758990839759046,-3.0,27.872322322105656,0.0
2.201373287338754,1.7953088800199566,1.6733849754324033,-1.006955535600694,2.9406542492104086,21.827486351123294,0.0
0.24647819086691275,-0.7348863182680856,1.9436728177290878,-2.202663161034997,-2.5204769201641777,27.910164144281392,0.0
0.17203530518319674,-3.0,2.0026448793163607,-0.9849716478333969,3.0,23.241918280421174,0.0
-1.3070344528205526,-1.916983482742303,1.6220767369361684,-0.5538493006088383,-2.7598136254430354,12.346746419499272,0.0
-0.6551368133789487,1.830920250885103,1.4583195955595951,-0.4120708347547613,-1.7851764944012727,17.78102845785346,0.0
1.786098106843651,-2.2006327788059705,1.4425989466421205,-2.115843542678726,-2.9742451115026323,21.01786489049455,0.0
3.0,-3.0,1.9968130052353563,2.0026833251364256,3.0,29.590642689332608,0.0
2.899396190061956,-0.695790381214107,1.7088639140874453,2.423192520072429,-1.980413790766714,27.974448303253602,0.0
1.1574841259116158,2.1398634466711686,1.8335792128595307,2.001550843698793,-3.0,20.096232026649243,0.0
-1.3095267140356406,2.554242713065824,1.8040274757608366,0.5386993263322506,2.729630813872933,12.858187298293643,0.0
2.3976296340467282,-0.47173991590224323,1.6706042167007231,0.48455131407098856,3.0,17.90258591748445,0.0
2.1712781814141073,-2.12828088845689,1.9418516963295551,-1.4540282026195177,-1.312689203144137,18.241776514145844,0.0
1.732870860446585,2.3155159026340084,1.678203055620179,-2.096466770240589,2.932870487310639,27.808735575441478,0.0
-1.4162166652992048,-1.964077752858257,1.9810406514764167,1.3535337080716663,-3.0,12.704526015569893,0.0
-2.2308183113878,0.5369507907995874,1.9928177422098345,2.3158948590288584,1.874558374358101,28.080863900188017,0.0
-1.391096195544933,-0.7705176507076689,1.9830017429151399,-0.16632493317742578,-2.1157933653833747,21.397594143993068,0.0
3.0,0.8848357815253419,1.9856822179586746,2.0390430204295185,-3.0,12.716343515065,0.0
2.2844699744881978,2.114081330503542,1.9966746414554795,-0.18051422876274395,-2.8053779510253367,17.07310743259699,0.0
-0.1342330410549923,1.6904894011501976,2.0157073596188146,2.919848098827173,1.4697676092362129,13.113635209794376,0.0
3.0,0.6818632850559313,2.00498243364685,-1.677523632930397,3.0,16.859664606670638,0.0
0.6176519062471071,-1.0594193773582647,1.9939923924201122,2.018042800124756,-2.964275675602888,24.865304852533217,0.0
2.9953678188754833,-2.0773147629045616,1.8358209997563688,-0.1151609249987063,0.027073210148354867,15.716492105109491,0.0
2.834319165786991,0.13974901559757136,1.8368973238155366,1.4927819574779926,-0.14013922757164143,15.581876826258297,0.0
-0.34739210856071023,1.6926888438174796,1.8433785634339712,0.5787192547564943,-2.628518517552279,23.666782655332753,0.0
-3.0,3.0,1.8406522246698256,3.0,-3.0,30.0,0.0
-2.841307275917291,1.5478023278883133,1.8372478545900977,1.7862664829597985,2.1726236428559575,17.832845035185496,0.0
3.0,-3.0,1.979690177578857,-3.0,3.0,10.0,0.0
-2.576673304915538,0.030837616543777816,1.8367952306908222,0.8965684455254119,2.694738962477846,27.084155629999994,0.0
2.7435281837853984,0.9291018997704165,1.973490548963067,-0.41197507236535363,2.88360200178831,26.970354322593277,0.0
0.11570030628598528,2.5646415628057437,1.447661239305847,-0.2766240002929584,-2.951843563725103,14.10900006987446,0.0
-1.1194225979168224,2.1312418198419705,1.691700225258206,-2.32349855663273,-2.5798772061482556,16.824556891934698,0.0
-1.0020057996773106,1.997525237036885,1.4534132645482443,2.513238132366738,1.047461481358838,26.66935229105571,0.0
-2.7974548945200683,-1.4232501301003124,1.4452437425569762,2.465077987303949,1.6045841328480173,12.093278098847472,0.0
0.43320245938749985,-0.11936994383841615,1.7536095023590281,0.4799667214257508,3.0,15.372053708894866,0.0
2.6637918390645514,0.3930505600081541,1.9988286719814599,-0.8589707902172351,3.0,11.607703380254035,0.0
0.3394705967125921,-1.428376240407182,1.4557153932943958,0.8583204197581205,-2.1738349642909136,11.614788471613648,0.0
-3.0,3.0,1.8403161063524855,3.0,3.0,13.30085759249423,0.0
-1.913415537460833,2.6315034985970653,1.6871726698713765,-1.204323223454162,-3.0,12.873242744371757,0.0
2.759906128699728,-1.8410421834001787,1.9781889188225932,-0.4534465115985253,0.25299230431765923,21.083685141852776,0.0
0.14849583657762616,2.523751320095831,1.8322521327827406,-1.3718574482246364,2.9833661310375628,10.556379547371758,0.0
3.0,-3.0,1.9956902201035744,-2.198272945070379,-3.0,13.821486799598544,0.0
1.9254696716900024,1.8448157022138665,1.9972671069982297,-0.41948855471197727,-1.5738638437421468,11.016378933546136,0.0
-1.6428216866462728,-0.47773959791185494,1.991466689010488,-2.614776571251497,-2.603554628682034,22.928621006622176,0.0
0.05406211160267823,2.1099891017878254,1.988479004059287,1.0442927712082108,2.4407549785443012,22.463964715817795,0.0
2.8197802583855074,0.8459821176439802,1.9901809666439307,0.27508071747629076,1.509327762907805,12.54451794118166,0.0
3.0,3.0,1.989570620709006,-3.0,3.0,10.0,0.0
3.0,0.19398138413510624,1.9806599587500633,-3.0,-3.0,10.0,0.0
2.8815237606009143,-0.43595832989615957,1.9814021904274715,0.5633313397592744,2.6921829786237916,13.367949202088647,0.0
-2.2754758798544636,2.915261140475821,1.952231533394963,1.1751980670099058,-3.0,26.788439252851862,0.0
2.326178400001602,0.6461051209932208,1.98271504323354,0.6081970956354394,2.1802785433018754,12.983529322186167,0.0
-2.6444029159781475,3.0,1.8367986893423713,-1.7361087547604324,0.58689051858929,14.55274876166025,0.0
2.7965897810365328,-2.5319173835849695,2.0032336980212064,2.979925738592109,-1.683641001719658,10.047387371343234,0.0
-0.8894656358567172,-2.846416235284382,1.6453673533982314,-0.08250819285182878,-1.775888323318916,10.408633729579917,0.0
-0.6923988597060636,-0.623934876174553,1.8357600858182597,1.61260262673162,0.2084578317654508,15.326581885689842,0.0
1.1760071383643913,-0.23698145778401933,1.837444702808978,2.674352181395504,2.9692341420789754,18.444867558712076,0.0
0.28690040602193523,2.807616801288642,1.7497803636441853,0.5882347043829378,2.1948437600224113,25.42157066632353,0.0
0.1714536256937019,1.7049861781202411,1.8366126861105752,1.7565437603627585,2.675296857842733,11.176833934183385,0.0
2.8011688123156313,-0.6793298593864594,1.9880342735245162,-1.1182585359796215,-1.6226193384926508,17.535707179590673,0.0
1.7808222410117873,2.0614999944871135,2.0102249570201525,2.193123634699017,2.021732790583836,26.83195003460924,0.0
-0.5240894962206034,0.7447987204315957,1.6813172209550638,1.5229760758520872,-2.0406525019038066,29.455394573698275,0.0
-0.7494510404532184,-1.2292327284764422,1.6838142813758163,-0.4398172841632325,-2.550960871683873,10.353405313510825,0.0
3.0,3.0,1.8372099473104975,-3.0,2.999546869346606,10.000096834642594,0.0
0.7739505417943611,2.189679448370564,1.8366348934859986,-1.6841859309279987,2.4811233963266695,27.36726901273039,0.0
1.1548233105981247,-0.17063607406352047,1.5407364518349973,-0.628081004399809,-1.3539925177503362,16.482636658976663,0.0
-1.4662062258666295,0.2740877880380196,1.5261817056388571,0.26377016332156583,2.927117348921983,11.000255078084297,0.0
-2.4003005086570335,-1.764059494723634,1.5315818553523641,1.2655856543490538,2.962373127779006,27.14340020392715,0.0
2.734582792184091,2.2465959414471293,1.516980720337821,-1.2285169818730488,2.999630651560251,13.437661586757983,0.0
0.21390948248177954,-1.2395836555965924,1.5347050030889873,1.3976200637680085,3.0,10.307964698161157,0.0
2.9001741932633442,2.390393422701513,1.9961227444498504,1.0470203635911177,-2.080080708309756,11.68456966992794,0.0
1.059666004687894,2.82512704968692,1.5594509536668737,-1.4050056148383412,2.7751468495158442,16.341738804090554,0.0
-2.8521442743100565,-2.1379429962603296,1.574169818404422,-1.626355184709368,-2.999871678367192,27.999358316109934,0.0
2.429420676435768,2.8378161327475575,1.5686996865137164,-1.2377782099315542,-2.9256447254800073,10.405088764024377,0.0
2.5182020188594616,1.186393139432135,1.5834431028757892,-2.9951266237145058,-2.8845762154342385,15.962945286572163,0.0
0.19341316305339756,-0.38060640507198856,1.5654596832408951,2.5838160101857905,-2.8232510711421197,11.633328993037392,0.0
-0.7043939669720399,-0.8255577333625495,1.592111753966013,-1.272489439753321,-2.9534234775220627,27.35885518257294,0.0
1.3636187827743138,3.0,1.8337068437534814,0.2386458638277947,3.0,30.0,0.0
0.11233672226858916,-1.1060877935873643,1.8357361936122538,2.8455044421837745,2.6649412895457725,13.22636065745215,0.0
2.9668338852516976,2.3561821729808456,1.8375411672043163,-2.8581072081118037,-2.919511071004414,28.56684328933183,0.0
1.3252246914065828,2.5336442878274767,1.8409330302083509,-0.22815392690556865,1.6032019563268467,18.939815886198627,0.0
-0.30777584584364853,1.7368164973687292,1.8791522413499122,-0.25091595097817065,1.384459276627647,29.969388823947586,0.0
3.0,-0.21967935759916074,1.7248050180819088,1.1802724706524776,3.0,11.010293774912869,0.0
3.0,3.0,1.8417418108412207,-3.0,3.0,30.0,0.0
1.8625053671845064,1.7038572651279413,1.747319803682063,1.5630779589139592,0.3572906395648969,10.660701402950448,0.0
1.6467530218611222,2.173751104768721,1.6993560830274541,1.0637216421970344,1.9829792428308013,10.635896689165117,0.0
2.821403715684082,2.988178806026168,1.9996139524690588,-2.198567696522603,-0.8300301348805517,14.70313945689593,0.0
3.0,3.0,1.9970085216153315,-3.0,-3.0,11.02749125556471,1.0
-0.4030420203500377,2.5305676790140272,1.6519642071808,-2.5023834837914944,-2.001311542251834,27.33598336853334,0.0
1.3380993981590796,-0.4637619783138061,1.659926921413761,-2.5185009863911585,-2.9711483666368115,14.478351218908,0.0
1.7290607773756523,2.4903656787376347,1.6962613950778909,0.04939939949437384,-2.3767194628653288,20.45497047874893,0.0
2.523925072178369,-2.34671015971879,1.835139378852037,-1.2227239202573617,-0.9043996698288751,15.94998883515329,0.0
2.066550196640512,-0.44545965197963494,1.8345041836453022,0.6839524364826904,-1.1836833790844998,22.5361864620433,0.0
0.6616259212058584,-0.31261171753547,1.8318902395041319,-2.0894799837327036,-0.5797657726579096,27.287611600621194,0.0
0.9390491030356183,0.07978823948157673,1.9918708325581824,2.8627228110534153,-1.8285154481130836,21.79122469173432,0.0
-2.6709547274065937,-2.347956682166904,1.6955368335534553,1.2211467490324928,0.649263192767148,25.484537113683253,0.0
2.337547711679417,1.4959117004989,1.9911295034747043,-0.7624538863687079,-2.949819695885116,25.695035998913113,0.0
1.8661010284384316,-2.686340987772962,1.693950065729695,1.0176967771226932,-2.577318366186588,24.8743994149688,0.0
-0.5739753630616661,1.7188820149999802,1.8338975853610084,-2.982004176300433,-2.9493796796339082,14.491675285416093,0.0
0.16180303494287268,1.5659368744148414,1.5560741435240304,-2.9280436413983573,-2.4241748823045683,19.25167421357474,0.0
-1.6158097348219955,-0.49766627813582104,1.5440671212415913,-0.3320769078732909,2.99309155794135,29.203946161714615,0.0
1.5100749245003184,-2.2726350624712626,1.7435015157490237,1.8306304057960217,-2.454800570942492,17.572684861422736,0.0
2.6615375687335163,1.9050822483047853,1.8353535040594033,0.5437679857363298,-1.058168518032866,28.41643703250962,0.0
-0.0418044701621497,-1.3784418392819622,1.7464302158530953,-2.0304715524133803,-2.7361544350983893,13.637101552428156,0.0
-1.5927896638976955,1.9886494283519844,1.7078119235724867,-2.4641009408963104,-0.6680292203806928,18.34103656187785,0.0
-2.1459942693086247,-2.678671972645286,1.452286076618451,-1.3399394231276098,-2.9843832284812355,16.150974388149088,0.0
1.7459656237381254,2.2367994392811212,1.4487624881560646,-1.425057031189002,2.9026034614593477,21.92537214550168,0.0
-2.8628611544461697,-2.2961630744250576,1.8595794704335724,1.179458019597778,-2.1744743658442705,13.3593492207127,0.0
-0.9203314814757035,0.33520710986108215,1.865168872053764,2.848660615050636,-2.9454471640764552,24.24082421841756,0.0
0.8196895212254822,-1.1791987099362817,1.9468903657856609,2.638725905247347,-2.7668215491228945,21.499855056007085,0.0
2.3049700315889017,-0.22586057077491795,1.9444653092193334,0.9883456669812927,2.509853988622405,17.36339946812147,0.0
-1.4530079891112628,1.6832589884409386,1.68249205391465,2.110652966794277,1.6340252485758164,28.777113176198178,0.0
-0.8057382387198124,-2.0669015585687913,1.6816581212653432,-2.5883026332829235,1.232390714072065,28.36088522056663,0.0
2.471320435214982,0.35703543359320256,1.9920297770964077,-2.048233804869637,-0.03559322522594159,11.555377164919546,0.0
-2.4330388799351317,-1.9852550371553224,1.6532520971113132,0.6469166971208977,2.9093430306509447,16.874345200274075,0.0
2.431792438187737,1.523899811693556,1.6799042099496075,-0.6977642816780294,-2.808355685617644,26.10552813960448,0.0
-1.569548774759832,-0.3596531311380178,1.6587533057004902,-2.999549567292784,-2.527138077512184,26.9357351517278,0.0
-2.4065730883682823,2.6851330974861907,1.709184752065366,-2.695481525368898,-0.8439629901906893,26.79372688632332,0.0
1.6459372455357884,1.5485836243760602,1.6928830219812387,2.1661220607747347,2.9027009046200103,16.414317025518315,0.0
2.9141799476914274,1.3650231436158788,1.9867995757955739,2.8366541858844494,2.545253285251273,28.886851497750076,0.0
-2.8606752989459014,-0.9607542467639941,1.991286243323608,1.4412473065650067,-2.0970483716808,21.81310798338326,0.0
2.130099551385281,-0.38650162370109975,1.9881858844726163,-0.8420131384030325,2.8875144830950625,15.048804103774955,0.0
-1.8765462446701064,2.3345365519062766,1.6966684014248055,-2.4782431543141676,0.08508238503127506,27.460451384491932,0.0
2.63774417256307,1.6737253122080331,1.7111937997651767,0.22178666431392208,-1.8525649921096299,14.294089130051841,0.0
2.3489471012050367,2.4634300994588387,1.8362222714120355,1.5261046978104418,-2.534829991321861,18.59172166231952,0.0
1.7186107520331926,-1.950284201079904,1.7198984835708493,0.7272551562366065,0.9550965852386574,13.53872503047594,0.0
-2.5734703031630066,1.1103557106721618,1.6952157275754283,0.867945425162529,1.1244398392794004,23.236111280987952,0.0
-0.8550052543216783,0.266690573328999,1.6942459157882035,0.0336868248776943,2.8355898741194014,22.398162214397956,0.0
1.3857802023831867,-0.5072692752849569,1.6866592087246133,-0.7563925707529585,-2.6193112104741774,28.64846420345504,0.0
2.243290536791295,-0.8375146284828205,1.9916705029378965,-0.6152328014438188,-2.8812997735930237,24.01975466478017,0.0
2.4951074391345704,2.2749449823060415,1.6958680428016932,-1.2919537959099394,-1.8300526329866502,17.38561513062419,0.0
-0.04191023757704385,-0.293414182806115,1.6886564033136637,0.9413875582854031,-3.0,13.413032560315973,0.0
0.8085359462761794,-1.4252731818081614,1.7172203117894715,-1.3463165012656815,2.3230750379847693,27.071249843939263,0.0
2.754197728846561,1.8027259936927116,1.699938928735418,-1.0759711394166993,-1.125014851097743,21.04584788377375,0.0
-2.3848150724522643,1.7552065559000896,1.86326689772066,-1.4547504105858673,-1.9772822814394486,18.827564128289026,0.0
-1.4489095823188083,-2.3575923814937605,1.6831189929666894,2.440278345123377,-2.348737181883979,29.038651656269717,0.0
1.4635166817866399,2.6643560327053177,1.9889093274489271,-0.8678229195419459,2.7602274427130826,17.880250508044096,0.0
0.45900652440537154,1.646609687350058,1.736956627859609,-2.4990635243078834,2.4076329293206493,16.64198133071415,0.0
-1.0467418397678108,-2.3287454280988285,1.73344744705734,-1.865425318647182,-2.742812597451845,11.96056467396211,0.0
-0.6177490911790771,-2.5297721372553754,1.7347648021107314,-0.06570528929097591,-2.6157939772323497,15.66392486201138,0.0
1.7708864396241644,1.2725769910840172,1.73205984176402,-1.2183292402215762,-1.9284833076943395,29.037846013742804,0.0
2.4363782239128393,-1.5374864841576577,1.6927798124209776,-2.439331186181868,-2.724285739006744,23.452557537491113,0.0
-1.011662446138784,-0.17241196634606207,1.6936381446175035,-1.297593617130658,-3.0,12.64790438493434,0.0
-0.9886604947401635,2.39511268390407,1.85058751961229,2.081739463876159,-2.545867139396672,21.670080491140897,0.0
-0.5216712295231511,0.4191457960141772,1.9913318503442485,0.3987495659391028,-2.8238990575866048,24.122634325032454,0.0
2.725235209601314,-0.7090204848337417,1.8389254126439338,-1.8999828736982627,2.3978234669661447,22.260486170772023,0.0
-0.3954439892491944,-0.9944062789928618,1.989867357605937,2.2999459517801206,2.676930928215542,24.410819708281835,0.0
-1.700355153447092,0.6599278631680608,1.6902845278250513,2.7387941282428985,-2.7334239667364155,26.889200210274858,0.0
1.0337658305562782,-0.6154245301773955,1.83673551573819,-2.753537239556581,-2.3802177431603266,17.885478838016827,0.0
2.258815428388811,0.7923734532569946,1.7355517543142613,2.255602029929228,-1.0956578707783282,12.93202221431293,0.0
-0.9905949788568575,-2.47173581811326,1.9481967744214763,1.1709675060113225,1.9246275223174634,15.622586737261374,0.0
2.3309373518103023,1.0589407626294145,1.9913291951615153,-2.8005088024301967,-2.9293827035808904,19.966237293975755,0.0
-1.3778103263167731,1.939350663571143,1.6920692035728597,-1.9087274088053463,-2.34318111336828,16.023861710242105,0.0
-2.0848751748634338,-0.9774442017871742,1.989742283923407,0.24767489423545583,2.775278298688767,28.190878883611312,0.0
-0.5553628915846706,1.3725881210635669,1.6930407038990303,-2.5659618578511094,-2.5496212784255543,11.542310507307171,0.0
2.22411280171135,-2.3937577326253323,1.7031234944319387,-0.3622200850613312,-2.8048171956494428,25.591625304759813,0.0
2.9252343401110723,-1.9363186082989614,1.7015831883340242,1.6953160802671092,-2.174394911136812,23.395895316363696,0.0
0.13509077429640495,-1.2350011427257144,1.7021270416503007,-2.226162722375093,-1.4146236336633236,18.376827155591577,0.0
-1.6698737592068043,-0.9279779300434022,1.704760749183753,-0.9297320303186218,-2.216345024992591,12.960676949771447,0.0
-1.9960647461757284,2.625409823391271,1.705662792925599,2.3251404301656025,-0.7240764328066963,28.16114881894783,0.0
2.661017479607798,2.528502178231894,1.8328920361682588,-2.340260141648815,1.135151886690917,22.387509673583185,1.0
3.0,-1.5114753957548455,1.8293442277250678,-2.0426170686996317,-3.0,27.095879054593546,0.0
2.5061032709437523,1.2456741857795282,1.829893526210908,2.5786452752109774,-2.3582412265226274,24.642996418145614,0.0
1.7838932816561153,-0.811324788137991,1.9920863323458708,0.8800942843096498,-2.178833860585921,11.001450034530404,0.0
1.371749968007123,2.240414681116835,1.9845574255461476,1.109148329219837,-0.6162376590130889,21.145879622210995,0.0
2.1611659429159027,2.901818628744446,1.9905628453308162,0.6721101279981179,-1.3997111255184287,19.657187232428857,0.0
-1.508183993682227,-0.2425851305183557,1.9891574354534933,-0.07568419144414483,0.4039875522492035,25.98926994608878,0.0
0.6697233932094446,2.0156262902406925,1.9878833456359255,-1.041957393773514,0.5090020730546732,29.240593056518634,0.0
0.42585733576141616,2.8741940075299905,1.9872358918592146,-0.6365723167007863,1.7642192780759547,22.290149447823175,0.0
2.846734526191256,1.5076246586359077,1.9904519806665608,-2.4520555986167487,0.2698685879417849,17.88920385134849,0.0
-0.9370615631349198,2.1476349313245247,1.985882965063535,0.2861840476772115,-2.326017281754455,28.364890013435932,0.0
1.2135310172534124,1.626331355054124,1.9854380620894199,-1.3924984088749308,2.635846450007818,29.178328045108525,0.0
-2.940694880453404,2.740151109908551,1.9849515497310346,-2.033703347619065,0.9402740361127545,19.11864925716298,0.0
2.2742436551079632,2.80349294634009,1.9899697173404016,-1.2049918606709915,2.449824147267861,19.295302778116127,0.0
1.8608857021086038,2.811570642720822,1.9912684160574095,-2.6151375342103527,2.527488672969763,27.590424584972194,0.0
-2.0055739829729875,2.0514955457980437,1.9865046792334335,-1.6773813294741478,-1.179124571272301,29.46855794663864,0.0
0.43631169830101274,2.461792123520712,1.9898009217821737,-1.48245430990877,2.91055714980543,27.687494768417906,0.0
-1.3710539046976773,1.7419896627252625,1.9890846264457753,-2.4673710372571005,-0.06445047889077182,28.625265707921805,0.0
-0.17547919433675088,2.856451320049603,1.9882062080576055,2.2737845784829998,0.07222857408121898,29.490894364500807,0.0
-1.5360677211184484,2.7234444427219016,1.9841230379395398,-2.9134113985594707,-2.1186752305901684,26.31145989539926,0.0
2.2742746750223977,2.8340968814612566,1.8309462481523602,2.136707350464449,-1.736346738406162,28.099368543206314,0.0
0.5046956702653116,1.2352866780267675,1.6991242024238642,2.1872493193355007,-2.7811197376238366,28.11293638490226,0.0
1.4230706458614952,-1.6058763291060163,1.6750628720986616,-1.0838411013013654,-0.973963383242803,17.293533670174128,0.0
3.0,1.9755278812928112,1.6901869601826165,0.24201132583358492,2.8734495919266783,26.11105870676449,0.0
-1.3908177372232766,1.9860641774646604,1.8680421209460996,-0.9206252125393366,-2.048152527651755,11.452662355291379,0.0
-2.038967202765277,2.920551247178928,1.988097542506566,1.1859942627185813,1.3336080743224235,26.559281407385633,0.0
2.9099156195786224,0.2579686313255992,1.8279370194027806,0.00034049444601010656,-1.2512822744254124,18.241057277764916,0.0
1.1995744298235291,2.5014068748263485,1.9891093604440866,-2.942298243504098,-0.3881272139290994,29.534955551327837,0.0
2.0259543382013976,1.529628643314048,1.830507757549729,0.7507146153837986,-2.640330477686743,12.747374676228894,0.0
3.0,0.8882783580760975,1.6994978086090564,2.06817626452354,-3.0,10.725871805023862,0.0
1.6186259909798943,0.8609238889153239,1.8306983222449515,1.8177626323921978,-2.7210019589926713,17.536174117027127,0.0
2.631328257804795,-2.5170667921771126,1.9921184745147553,1.143096705586916,2.9999999997891775,15.577291619364537,0.0
-0.8575388972369762,1.910329283468025,1.9913016181459129,-0.18326203566851515,-2.72828755283476,12.100567862867846,0.0
-2.244034599245606,0.95838490780372,1.9868432020237665,-0.5374268032815633,1.0078366774833005,12.1164315489599,0.0
-1.114103577263787,-0.18806293018973988,1.720549501302576,-2.714297310361547,-2.901143832399295,17.002088071691954,0.0
1.3685582617802075,1.625650095497906,1.6802122383523161,0.07376881163570136,-2.264124206874751,16.511253129817238,0.0
1.851353508655183,2.608500789992087,1.834201709480806,1.797422094330045,-1.2134119566172072,10.425918239959897,0.0
-2.0114924870414996,2.455144193599794,1.9875179068628828,0.9908490131007068,-1.1363744988738083,22.681677678676436,0.0
2.227578532327192,-0.20588692275772433,1.6905327942173425,-1.5129743256963744,1.85218297910054,23.690023435477098,0.0
-2.685059109632412,1.5738339468932068,1.9902374323315577,-2.901291506697483,-2.1348466797062366,21.98672082473605,0.0
2.260680020078227,2.4418824219109454,1.9882330914814732,-0.9638930642404385,-2.1508940969234396,26.77661992004619,0.0
-2.3407126152488122,2.0621929512771637,1.9881227425608528,-0.9162929004027114,-1.1902812659348483,26.09505731658362,0.0
-0.4810238558266437,2.5685738911149234,1.9898265525002239,-0.6905651658582433,-1.0513854861839342,27.01730261179655,0.0
-1.3241195753611525,2.185862357567281,1.650969749876303,-1.9220599466704973,-0.31102342031700464,27.03265770487533,0.0
2.0602891166361545,1.0988033543624736,1.8313407097713452,-2.0255526285572723,-2.773202442521676,21.2126125144383,0.0
-1.7308574933355885,2.1190730491212237,1.991315637842376,-2.8879678970865834,-2.7164862422284664,26.370915452925868,0.0
-0.04315266111819003,2.684846072896968,1.9916501026414164,-0.17290993276835123,-2.5414539560567695,21.950220617706417,0.0
3.0,3.0,1.6853410584444102,-3.0,-3.0,10.0,1.0
-1.1013788630848382,2.766649803175264,1.676374493244287,-1.0670257282517248,2.54361760309316,27.967116236356915,0.0
-1.5231275481232003,-0.7433026957794175,1.6818278925675803,-1.9323586482018114,2.413003880471907,14.358112669038904,0.0
2.144567308296631,-0.5763791543980679,1.6790734906226843,2.5127206788833685,0.7908236704626802,29.845007730506204,0.0
1.5949615277814762,1.0215728579443346,1.6776872903669506,-0.033978355857153926,2.93786176110847,24.123346554639223,0.0
1.6875929259723044,-1.7137071165639601,1.831559703529614,-2.540319159392464,-2.4560294770045368,20.150011057260787,0.0
2.568090690969432,1.3169969091538112,1.9906496158776106,-0.373121228006555,1.9553595690600445,14.778170942475064,0.0
2.0150684764740663,2.109609165061984,1.8290163169922855,2.0252936846649408,1.8308897155291346,20.84942641728889,0.0
0.3085278884443843,1.111827152495659,1.6814916166186589,2.735891368238802,-2.7604832236438788,10.179081775522574,0.0
-0.20531570625357404,0.6473710940242623,1.4492652714083143,2.601650096532757,-2.0285241513598553,14.49570386264402,0.0
1.3513999315678282,-2.449297883225683,1.451803406239398,2.221880765536012,0.6752313930673691,15.584424476984134,0.0
1.395250183533847,2.7719679373307438,1.830617310357602,-2.859081629344999,1.4156662665114887,11.972259765432,0.0
-0.6973150762825279,0.9734814854036707,1.6819168887088711,-0.8309695693304101,-1.2799594238746779,22.867229932171092,0.0
1.1821162177389726,2.0246804323293426,1.6805738450247862,2.9778248736592823,-0.4597608736478055,25.67848347257254,0.0
-1.077746361547759,0.9163894855526983,1.6809289895212607,1.93414698281908,2.222478193943866,29.488428249836694,0.0
-0.6818832345900625,1.1855227000225599,1.68137798603355,-0.21242952031113696,2.345528390672316,12.703428024910052,0.0
1.824624748797924,-0.328564382566733,1.677426684380267,-0.6178362552583837,-1.6694765292631664,26.55449183958335,0.0
0.5664389317019849,-2.8967064725028906,1.6811205889906131,1.444111971458585,2.7305588513561236,25.63498838319548,0.0
2.108403840125819,-2.1616204131351675,1.6814894926012995,-1.16475003151732,2.583965170967302,24.545681333497633,0.0
1.6055383271554022,2.835622175076255,1.6792165806354862,-2.652555665006653,0.4487723361962504,15.919056104444739,0.0
1.870983820740679,1.7801757840895274,1.9884257017509948,-2.665934573946803,0.005821184322838554,16.190453244267125,0.0
2.405375010861769,2.690875662984348,1.680775375854794,-1.2746474230015392,1.3806762854265693,20.922308678745082,0.0
-2.3826881657161993,1.5534580457584497,1.9891191239652892,-2.8729238953287264,2.6684695946370054,18.55367709751111,0.0
-1.8672686731461445,2.802403546272359,1.5453820154441638,-1.547164517706913,-2.8597734749260377,26.995015779020274,0.0
-1.2993828916781867,-0.7079703953412042,1.5547594471322026,1.827675422225097,2.028916495181803,18.046030841069136,0.0
2.8596357528709917,1.9299703971775592,1.9917606401344279,1.4623191930228077,-2.7932113507692797,24.581956172651445,0.0
