,0
0,0.37249411174223185
1,0.33701278485548897
2,0.27147343826309484
3,125.26585043680426
4,72.296027289382
5,141.05042560194485
6,26.117733073691277
7,68.82600913369666
8,67.18419988173426
9,74.78510535836402
10,4.932506794444645
11,6.1627831185639685
12,132.85607649642412
13,137.35963189157485
14,131.36924552195347
15,140.70343403682023
16,131.1536429227392
17,51.81447054039137
18,110.2851930821356
19,83.72993525533106
20,2.627163704408611
21,52.93028248045414
22,140.71097750079542
23,137.9796331100155
24,141.07404465355768
25,140.65831946031963
26,17.972345880902964
27,123.78916588902112
28,139.91019780445458
29,140.6483382853759
30,119.46451857565299
31,1.6042710134991434
32,135.32236364285058
33,134.47759252109333
34,4.27284503779186
35,0.937196480236375
36,140.42311597273658
37,118.06546811833978
38,2.164440357137946
39,140.8542363499277
40,91.20154955548742
41,0.6919591942191203
42,128.16518259152858
43,122.75383252795939
44,135.9946675460274
45,140.6857817584605
46,11.93600008539209
47,76.75494506360056
48,7.334018201080798
49,67.71280421343998
50,36.71482042657617
51,104.14241372229301
52,52.286524917952796
53,128.84213601792942
54,1.3239052039559163
55,140.9697310858482
56,1.3827841025731402
57,138.8574203642052
58,9.1053002913671
59,138.20583380748343
60,99.0674100012815
61,140.78396668570596
62,140.9320473571399
63,9.124923803259753
64,125.16759774966275
65,107.5798117842069
66,120.06605901512947
67,140.7344772539566
68,202.6117520362
69,153.33464239716938
70,57.9693450196992
71,138.37834595553582
72,130.73691203980502
73,15.639736000691544
74,139.26780161333886
75,3.344182365291438
76,124.43921308745699
77,63.93331882959236
78,74.97344418105095
79,57.986406919015664
80,124.72402277550619
81,81.20454990882124
82,134.8927532757442
83,32.00241651488929
84,42.932954774445854
85,91.63629562685897
86,64.87152871781537
87,140.71052650591784
88,41.21326127360208
89,30.57011523008032
90,34.386958881570536
91,98.0180177452242
92,22.30735204980161
93,183.24626659909916
94,125.35854070596433
95,140.44848395521385
96,32.55948436122296
97,120.25044939877853
98,10.664631574664082
99,49.263852979495155
100,119.37949250690102
101,140.33997639211938
102,134.50322239073824
103,140.8589032123582
104,136.05192101878112
105,140.2110329836798
106,64.50308263969204
107,156.77003842280396
108,125.21033344762768
109,85.68646233775469
110,77.44113247643004
111,102.39820667146894
112,13.468193578285396
113,35.68921256106321
114,140.74131361206588
115,34.07672346191842
116,114.79483252281848
117,34.416426798201904
118,102.6845110457511
119,138.3526093319057
120,16.58900052377255
121,0.4825606066272033
122,136.2362231475145
123,75.16448463194264
124,57.636260896101206
125,29.70389192577561
126,138.3893505639845
127,3.272582889333962
128,121.16999977021662
129,115.19450248987192
130,117.94973517140444
131,151.43952062168626
132,220.0658951729188
133,35.30497215086441
134,125.13811513764752
135,2.9082125389716524
136,33.64895165120991
137,141.01429254047872
138,124.46796994972327
139,35.55442543610224
140,140.6652736538036
141,0.7587914874886914
142,140.2946649023673
143,31.780386564024266
144,124.84388151137834
145,124.66122272766144
146,234.88881738635828
147,111.73296367176847
148,140.90424802540966
149,9.939717009514371
150,21.085413250662658
151,123.4909681377617
152,111.62657091494195
153,114.24142557348564
154,71.72650668510695
155,124.79149447015752
156,37.874725505411256
157,140.41949966880867
158,139.01513627604936
159,94.67421474085157
160,124.84167494770108
161,39.43532498874484
162,140.72886573046313
163,148.5710548039407
164,0.6701360647093781
165,123.45684377564005
166,36.61634128487405
167,121.23593780512348
168,35.85852899687676
169,116.87729234651994
170,31.39654140472507
171,26.316475624713405
172,172.82230390953316
173,15.684374579861151
174,137.11412341984953
175,14.5488860124002
176,24.967574071636257
177,3.7348375276744754
178,87.84986011500695
179,29.822496778221755
180,44.514306987950846
181,35.712915751211426
182,140.1970945519557
183,114.53892737412268
184,53.14776020042694
185,20.26962718816957
186,101.91021159837699
187,120.61277805779945
188,145.66964110741733
189,116.09611660247872
190,2.803494474152008
191,121.20285661885352
192,7.770410459247719
193,43.008623605710575
194,53.58690712612139
195,140.75896889614327
196,140.84788432455778
197,34.720316859867175
198,73.22420685395531
199,122.33226174260653
200,138.43783215338584
201,132.93549090357573
202,126.87643602132967
203,104.26913068129599
204,46.486233000862185
205,140.79463628245307
206,113.86080142687528
207,6.622896112441589
208,14.86338828512959
209,39.14027040369105
210,80.38387196494628
211,80.62704947953452
212,124.31436056146119
213,20.792862853941717
214,140.78512262122854
215,34.381154109679315
216,118.29633041856277
217,120.81253377009635
218,40.803434965849014
219,112.98673428641449
220,72.59733739473327
221,119.38649845673177
222,14.038269635593728
223,98.0222947492293
224,1.6843738003429376
225,137.37900354145143
226,141.09827877023793
227,140.70439494885093
228,2.1891511285543
229,119.46578566442518
230,153.36038950649592
231,46.80775037132773
232,125.28825322515998
233,117.72621681616333
234,137.99818081983742
235,11.722045016048899
236,141.0419748634826
237,117.65273782414151
238,125.38225249749382
239,135.25285022683119
240,28.046112833028438
241,86.7282342759411
242,1.9654985182790803
243,140.6489358484889
244,147.2280013931736
245,125.25954964568496
246,120.99560181598113
247,114.64559933304359
248,140.74053397003894
249,140.85476707263342
250,98.36589270831755
251,141.09324903297392
252,1.638972224492063
253,84.8667637755656
254,4.178523388528819
255,146.78253984137007
256,7.470769433624351
257,11.475907644774425
258,90.30080847043061
259,85.2027470207079
260,10.563336754932685
261,19.600156528731823
262,35.37443339493802
263,198.39157547452015
264,15.860654698140303
265,140.48724527769073
266,167.62598749942774
267,33.25458578736917
268,46.140563777315315
269,95.84112885827015
270,140.75520947809164
271,164.62166879434218
272,141.01418139443123
273,47.58731078078434
274,122.26229273900621
275,140.96116715439882
276,140.9624778803006
277,139.54436986279467
278,140.39219080131448
279,1.752775429091977
280,42.86970008779633
281,140.79987635895787
282,42.11653264406211
283,7.176136189898322
284,84.9350273169746
285,171.8709760170593
286,222.56707594585032
287,129.5159020653115
288,49.433646980409016
289,0.5404019658376628
290,140.8481223319166
291,22.26731728749137
292,140.39270268156312
293,138.49482651758672
294,140.9750487410501
295,12.959748520675229
296,141.00799950218894
297,140.791433385016
298,131.3347505819041
299,139.40910524079152
300,71.12253743090538
301,99.0208450191739
302,125.26252441905929
303,100.17327810482418
304,0.7862787004381323
305,1.3593603374261862
306,141.00702980854248
307,79.89990497463639
308,139.9120430576957
309,141.02700963833033
310,124.67399192435029
311,5.678932531839435
312,92.39699550339205
313,125.82378853038037
314,159.52854733689253
315,140.67506673191403
316,140.93830704383188
317,139.98041158994397
318,140.6173971144552
319,121.26634436311488
320,103.97425432263465
321,2.5259150486509494
322,147.06772295169372
323,140.7745047315248
324,126.32462702150656
325,101.18863557927412
326,141.01436245358596
327,6.987127470141274
328,81.20500694377024
329,0.5822209925027371
330,120.90768493440011
331,125.4701976384029
332,140.63690625534994
333,58.231284336811214
334,124.21265252240428
335,105.92702261427391
336,140.70530509539745
337,115.6785000747617
338,125.20811592226691
339,14.0874678318078
340,140.99319326840077
341,0.7159272310249576
342,68.17470924329282
343,137.61410611965272
344,140.68056081647572
345,125.27030895449992
346,140.68095443276806
347,197.57368304481906
348,117.381675894801
349,140.6987688228991
350,140.6744464593964
351,10.59676724179875
352,140.67606442212912
353,143.9998765690119
354,39.87193724912079
355,121.45165677807928
356,99.70229946927856
357,117.39093749622278
358,140.73094550045556
359,140.70884536427067
360,55.92959230521802
361,124.51123825957734
362,109.2785659864636
363,136.1475740438402
364,140.6995867465846
365,118.1148208896741
366,137.05930337950204
367,55.264488261324544
368,140.59558102496092
369,123.56757641749532
370,61.86782786033929
371,144.09146856179262
372,19.21605436075254
373,140.82688626940978
374,42.123291354023515
375,122.06202948632864
376,141.32346039321376
377,49.48882019668298
378,113.46696665844176
379,140.7343297333849
380,121.56210059048817
381,122.74954057390536
382,135.6290029614975
383,131.7954759721902
384,123.56956564803136
385,140.70151987197326
386,124.71546426524634
387,9.241507402846162
388,122.85664158339624
389,102.3487441747649
390,130.33203136727542
391,140.9926354789642
392,2.1643313621171267
393,83.16864689508859
394,139.87060028979025
395,52.915417923724796
396,111.76753902318944
397,82.64858118383339
398,86.01364966991348
399,1.6256131196879204
400,53.58104643027797
401,2.6977982763084274
402,125.31291944258165
403,105.52095304052631
404,0.693111828607492
405,1.3219851373132172
406,1.8350396649787442
407,110.80738655230178
408,76.77865795202797
409,20.531834403949976
410,136.47187362571938
411,122.62244160918426
412,42.07237550595624
413,140.80640162142845
414,64.1696748305942
415,128.12047980666125
416,27.602416521432144
417,128.91977260100145
418,98.17525979709411
419,140.81283899282968
420,141.0107238078865
421,139.62635533546063
422,125.1762007668604
423,123.36032901233928
424,122.99233919429363
425,140.6762439912168
426,120.07401532983917
427,92.73752260234947
428,120.85712330813055
429,140.68367336536863
430,141.04337410092575
431,125.16649311631964
432,79.97936616533646
433,140.9837125787985
434,122.82496481596307
435,118.29653920637487
436,141.0292007768307
437,140.66964723154018
438,2.2488638412454334
439,0.9319338241682197
440,122.42084834242519
441,29.78318943702433
442,27.985402268198257
443,140.68012143763394
444,71.45646178303114
445,14.893038323272203
446,89.5862268092897
447,140.74631286623836
448,140.35734804098306
449,63.2961837725132
450,132.91263449805444
451,118.25092980295838
452,69.50317712056734
453,115.57388575483046
454,26.782328568277546
455,62.97910965668248
456,124.8026151870398
457,94.16184934025742
458,3.5926922422438716
459,141.0173169102051
460,106.47619623834464
461,134.18328556911615
462,140.66075856430572
463,34.32020696740501
464,139.91507544750266
465,141.39322840523153
466,1.426747987007996
467,157.9608017688629
468,140.74251968422183
469,112.8912464228853
470,125.24670888790878
471,55.66813711563812
472,87.85543036477334
473,72.93712707969041
474,54.09546585831245
475,140.920840588858
476,144.05798351260157
477,1.6151678768377737
478,131.35364624698155
479,20.676036140163674
480,11.97108911469824
481,45.547482501647416
482,140.99503982142159
483,115.48415910000332
484,140.9990673608855
485,46.49484881375445
486,0.7387023473751835
487,93.98922070558025
488,6.584921606511072
489,139.9923596977479
490,126.93338445144019
491,140.54871520181493
492,140.88277049042037
493,140.68055234934758
494,121.34944993839298
495,140.53384042262397
496,140.55474359088842
497,63.999392659171725
498,125.28487624549527
499,176.34397753310105
500,122.0341240751445
501,59.3142227598427
502,0.8133480596191678
503,46.83188466707869
504,138.58500731545675
505,132.9794704105094
506,6.064901458608905
507,140.6353703903859
508,131.430166939996
509,35.11932702231043
510,141.34874105353546
511,140.50927338065847
512,124.57991591728502
513,39.08913448057957
514,85.8276558624911
515,140.63068817704757
516,124.70068625297496
517,110.06247894406327
518,91.53674240521822
519,14.586485489789993
520,96.15213513281037
521,140.26631161282478
522,140.97462166124126
523,94.93580983271062
524,140.72547117940212
525,129.1694204755557
526,24.118246189582752
527,125.12400581836076
528,36.5808062943736
529,82.99026247782298
530,118.78733471398853
531,50.608601453807054
532,101.91065582777102
533,125.22008133344339
534,9.56057466830927
535,140.73402981823477
536,29.314523378091046
537,101.49799578021135
538,140.58042967979566
539,121.9358736856605
540,116.50003053663129
541,80.68258229464232
542,167.4483837958632
543,140.65894652193003
544,125.24847217193164
545,74.70676796981203
546,2.2105260475824866
547,96.4666989664976
548,124.88961653121908
549,141.40044154433133
550,55.75965838433892
551,139.15554167053617
552,72.08679367253829
553,140.65613098935358
554,125.28814023274414
555,140.9833288360627
556,82.0858520730622
557,133.37433008394234
558,112.21090781104323
559,125.06166098197241
560,140.71710140834313
561,140.60033421212233
562,134.81578519153376
563,113.38657126307193
564,140.69021220132146
565,2.2439352969891613
566,124.30370378107027
567,1.6312052075894208
568,79.74320910589773
569,125.28264069760044
570,190.34950608605737
571,57.42464168456218
572,115.2975321354408
573,125.3093362895331
574,2.280977171027302
575,73.03387951318793
576,71.0547299642631
577,28.35132435469145
578,107.85542639798241
579,140.8297731574455
580,140.90978742047363
581,194.96968727264252
582,124.96564158679553
583,124.93128339284573
584,95.44266986402661
585,98.41870207964325
586,1.649373008230486
587,140.89797496398285
588,122.63851005835535
589,53.95561657766495
590,105.84720189515124
591,140.15373867967793
592,121.6129318073892
593,140.7117621310142
594,109.5133810901933
595,140.75299413336356
596,136.20215756564542
597,125.2704536598949
598,244.81640556305157
599,2.3659178370803935
600,125.07795168809996
601,140.7675423578259
602,115.69991690723289
603,46.622435125301216
604,202.01004449506667
605,6.0150032219626794
606,141.01649693941084
607,9.375598539090937
608,141.2694439721333
609,48.77162487814124
610,140.99284380052603
611,141.0410709397568
612,141.03490674073961
613,2.1392084387341326
614,140.9960956273931
615,90.27436847624824
616,6.86711517988184
617,141.00625715555705
618,134.1751589881355
619,53.41597068025327
620,125.38619287423847
621,49.194484985909384
622,138.2857981017289
623,141.0351241779735
624,26.22992608025522
625,4.923277222515375
626,222.3265818718129
627,13.806932299349329
628,141.03243678785563
629,141.01774137309243
630,5.106728175935664
631,140.9759627947964
632,124.04572724433598
633,0.9439543301522244
634,136.78492005842668
635,140.9943082295883
636,118.12136240140367
637,120.68982900026795
638,124.58961567193367
639,104.04559996053555
640,79.95368673782312
641,140.99022807628225
642,17.300249651525093
643,59.46777031100231
644,124.21442970784094
645,0.7808864951869894
646,140.7008916415075
647,8.539836156767604
648,131.56842648282617
649,0.5667502075642215
650,123.30259473887214
651,46.07148261512037
652,74.78978620499944
653,8.884360387872691
654,128.54841321115273
655,140.9708456747104
656,88.67270243750573
657,126.80052143117244
658,139.05474242444228
659,23.29066111184605
660,5.7799775517097975
661,45.385363355937216
662,100.49101013365754
663,141.66721442421402
664,4.898346805193162
665,141.0341827760568
666,121.7578396400912
667,134.5120754958066
668,2.733574429958558
669,118.9588878540514
670,10.126741421472964
671,116.32199014613619
672,140.71940818950353
673,13.741569078784904
674,61.95315962145708
675,135.29066440634327
676,141.04242451362515
677,140.99388031204919
678,1.647530352617276
679,141.02014789977363
680,12.35096357493251
681,141.01257691607603
682,141.0364914874195
683,123.47504680134224
684,18.211377378192978
685,103.42864529983171
686,141.0428864994687
687,125.29523466332593
688,141.00585948943836
689,8.799190633632426
690,139.5346906961671
691,141.04393808812225
692,141.02738896176425
693,75.52265309535885
694,141.40494766244555
695,91.48020821718697
696,140.99023155301822
697,128.24515658461013
698,140.47714142642457
699,140.69163612795532
700,44.97870089175479
701,125.2495710272313
702,181.12961677319726
703,24.890706766369593
704,2.178378440160323
705,136.58409860502232
706,140.74791006108205
707,11.646721670292871
708,222.8303529580446
709,2.7680993108755763
710,140.35419853147192
711,125.20884218036711
712,90.97559950632129
713,35.19052738040543
714,140.09686063435223
715,140.74475195391622
716,129.13672722038044
717,140.67506565156475
718,1.7058824054992257
719,135.47770362103452
720,20.827389789072328
721,140.67705883799337
722,139.8325649577273
723,120.41469088669515
724,124.7473977954716
725,23.913393000755818
726,0.6005537124935111
727,3.972823389493469
728,136.887530731272
729,140.7983894869133
730,1.0395368533061795
731,125.28948568173853
732,140.78032371703353
733,141.20052069297952
734,4.642483700222126
735,140.98444671535768
736,140.72123583005222
737,140.76450028893035
738,112.73200932885179
739,1.848544292585392
740,103.33959480099233
741,2.126060314675513
742,1.3682267534173351
743,103.0687315010055
744,140.7881298743018
745,140.77096900260224
746,17.724416588089277
747,2.1104390435678066
748,139.23466393745724
749,118.80416831266675
750,63.554980850877016
751,141.0408328448617
752,47.21936689267903
753,0.8626440507080043
754,140.73289534893385
755,125.27519890129665
756,51.36769661954372
757,139.98763834566327
758,11.811903044457317
759,45.543440885618914
760,57.11319126824421
761,124.39660162577948
762,135.18200744735083
763,94.97970463230797
764,0.8394305410019876
765,127.80824289322655
766,3.0810506510087756
767,125.26962737511747
768,6.3845038413928075
769,140.93585880283612
770,141.00099944742323
771,70.14729641783171
772,63.958342945245604
773,118.02821624365023
774,140.6847709499273
775,125.25613636857331
776,110.8142979490367
777,105.27287357928029
778,10.953920503876262
779,54.157944124887166
780,16.322232297725527
781,115.5648060450482
782,113.96275858665284
783,129.23893508794748
784,13.026889590107494
785,97.72228947634306
786,39.46163903419175
787,126.31493086442724
788,34.0154647942474
789,141.00117587987887
790,24.751293116551594
791,125.31133963144146
792,140.73305851812285
793,118.6573582222804
794,81.99749653621967
795,140.7854238115854
796,27.290099154844125
797,125.10988684528905
798,125.15538919622175
799,140.89139703288245
800,140.72231547260344
801,129.96535899396642
802,139.9509508252982
803,116.79903933442309
804,72.23408061852354
805,140.77368294409038
806,187.3346200513465
807,125.08106075494014
808,22.181220713893836
809,133.13207849499298
810,144.39401394094233
811,155.04236329268073
812,124.99919738806275
813,140.96690996157815
814,143.89984542127465
815,122.25118961730833
816,125.28560979964966
817,125.06683936649803
818,124.54727865687472
819,140.65447929175699
820,104.93603291677732
821,86.752546275854
822,138.56460528079612
823,4.249294004405105
824,125.30086540550234
825,138.70621239263124
826,8.23329547841888
827,5.4951182409981785
828,51.03742221981863
829,118.7588702982964
830,89.15499246659672
831,111.21923168547677
832,27.64070899969213
833,120.20228022246484
834,125.2440773781208
835,34.02943168412842
836,69.81523806890708
837,141.03964730243877
838,91.49980339423693
839,112.50243146733318
840,141.02506643742686
841,13.91156595935317
842,60.14922516860587
843,125.288763241794
844,66.44034534530127
845,141.02679498266912
846,113.26323664088859
847,176.03671419385952
848,1.9010061903513997
849,114.35506168467386
850,214.8175227729877
851,1.9565410672436565
852,141.0406172305962
853,104.97348500919254
854,79.64225084815367
855,64.79885194559749
856,140.99834883477425
857,56.05329920485794
858,123.09973772636909
859,132.96557863528142
860,137.36309507015
861,140.14585951684512
862,63.535205888476135
863,2.9131055352501765
864,141.69089890880713
865,3.0060134368193214
866,140.02157576262985
867,27.055240607953984
868,33.39592338320751
869,11.993135434298624
870,140.7339723121726
871,63.85134152999865
872,5.866541387912109
873,57.40306664517689
874,117.82296636710917
875,161.00013643362294
876,134.48340480413032
877,123.5818532456657
878,86.33212872538535
879,125.27491522471792
880,109.54501459981665
881,139.83189087443995
882,28.12645780384577
883,11.823584901188873
884,5.3968493234878805
885,122.2020320443627
886,78.90755576323015
887,125.19616792740209
888,28.6133740944117
889,140.86451343686153
890,6.574984785264024
891,196.8380027347668
892,68.49798244367504
893,140.7350941073906
894,109.61069489326557
895,91.00804913977662
896,108.32325994569281
897,111.14827333488886
898,129.8936148958711
899,64.97710749310477
900,53.21458029233185
901,101.67619080034532
902,125.32345787597082
903,86.66534595879638
904,125.26245974628728
905,132.8284231285759
906,140.76980973286126
907,125.20451066671401
908,7.529543414078209
909,122.88143944501861
910,4.068888145503446
911,139.71273783963522
912,58.73758681735711
913,125.1236925626874
914,76.6026112953088
915,23.410764655309336
916,141.03978065118784
917,125.30415905779641
918,60.244343785540075
919,237.12321774680763
920,75.94895938077765
921,139.71169587180265
922,123.16934518925059
923,2.6301732668895013
924,8.25347140027218
925,50.02374140524312
926,114.46701138975367
927,139.26511929945679
928,127.02128703013348
929,135.36026291290136
930,138.82181434456857
931,123.79794625197475
932,70.16467353514844
933,141.04101754849887
934,139.7519242861444
935,163.770605791582
936,125.20404788865676
937,125.27050208405478
938,140.98526464913397
939,4.681163707401599
940,102.98405880638313
941,106.16908117073366
942,119.06927367540784
943,149.51426967555258
944,174.92803444356002
945,43.330266437493634
946,133.82109136395243
947,145.06408732247198
948,141.03407294568433
949,51.4845401553756
950,100.5240337310903
951,30.855989784335
952,16.58323863491046
953,13.415207829617279
954,88.41286334716159
955,121.12636892357966
956,117.23887340373324
957,140.45825612064047
958,95.93093345537909
959,89.7625110802562
960,104.43545011250181
961,125.06222404855525
962,229.8642528904082
963,125.01172684698203
964,90.83124628421369
965,118.52724366182504
966,138.9721046736006
967,67.62720625095444
968,120.08029392361887
969,140.60329288898157
970,2.77304167771339
971,96.90578469030451
972,239.74001212066167
973,108.661453634839
974,110.11882479461883
975,141.04891060470572
976,124.47986910036948
977,125.0266040907027
978,66.60503932933705
979,125.25595948971001
980,137.13834188479504
981,55.232163045510134
982,58.04923089785735
983,121.33030045751045
984,140.3341538064622
985,7.623797649493837
986,127.54071160199157
987,118.8332677325834
988,106.70811819558851
989,141.0280732776038
990,125.31035203541033
991,98.01628414783751
992,19.704404522965675
993,32.02967744090606
994,216.4459040121632
995,140.77614912080452
996,124.34507850227443
997,140.76190611790508
998,52.56524935545643
999,121.96817783251376
1000,111.61497725474175
1001,112.88052403128577
1002,125.3169224160759
