c,delta_u3,delta_l3,delta_u2,delta_l2,feasible
1.891542050944775,0.027451727641641867,0.7649292571896452,0.26926695583392146,0.9047645805246286,1
1.596578837342637,0.03912997273571968,0.6890305556228957,0.2457044614686255,1.0281871107549279,0
1.9970309324501,0.045629488058336304,0.716230532476368,0.2738613996900116,1.1766272957026842,1
1.677875534866818,0.04153907654487181,0.6433046474374933,0.2677382084706341,1.1184636559281793,0
1.8016744595192014,0.03104227326000741,0.7985199926604606,0.2423147199288647,1.0759284163712823,0
1.7709700276007647,0.04317466055958031,0.7375347586981014,0.25627605931861774,1.1725032486178222,0
2.2287304762516125,0.03378741854020067,0.6750845140786239,0.22608955910268155,1.1933164567429893,1
2.042842992442691,0.036712094127498075,0.6517523938700905,0.22582600398553665,1.1972072610419593,1
1.9720402677278974,0.043283111387098776,0.664179074514833,0.25183187545483243,1.1371920746260322,1
1.875750594278655,0.04656585648352872,0.7274417795582513,0.26282725081218955,1.1316721053202408,1
1.8886789282212415,0.044164450962432225,0.6078509016955248,0.23825028511898896,1.0712022589340646,1
1.7183350165786717,0.035100146191779986,0.8179021288028357,0.22480830864839418,1.2329175238262242,0
1.5266990300084526,0.03450271840418907,0.7231126407164162,0.260545953050808,1.2040229582951454,0
1.9812353903379278,0.03436431798156245,0.6786344150298664,0.26723429620446926,1.1025716518827695,1
1.6014419471506927,0.026518696564012015,0.6461102414430204,0.2583539873600824,1.1400854372803924,0
1.9327578506214262,0.18819418648709246,0.8818711609555354,0.36279356085371944,1.067907823157644,1
2.02402017258491,0.056412062921912934,0.4251594793720036,0.04917675476245025,1.257491316651472,1
1.8127342799361217,0.05448592353419477,0.7121591005537056,0.08318037605735931,1.2418679313402434,0
1.8033017071297075,0.1287286189462359,0.5924394889804132,0.3442086491102197,1.041163272625636,1
1.5881978933749499,0.0398684791477523,0.9886708342213961,0.4961922407035351,1.2438999865800515,0
1.695129918661001,0.3274377594378337,0.8787827778711641,0.39150661348542454,1.093692607579875,0
1.6989528788923847,0.032565837772452144,0.9530936734179924,0.2489076213318539,0.9454937251707399,0
1.7191819162756807,0.19569023999110136,0.5175959052552264,0.46781245231111285,1.2791874241947279,1
1.9672857153558512,0.14598331131411887,0.7879175399131533,0.31898639597929057,1.2139836672264939,1
1.5862745344692226,0.14048118310209495,0.4365007398088228,0.26977726248729383,1.0219924336932729,0
1.6223224551049173,0.03493485485371799,0.7641189787983146,0.09316388535690953,1.37914777731968,0
1.884244625605526,0.1171905075981608,0.7660815303805375,0.012453603712541783,1.399211234238469,1
1.8249900039510294,0.2644483244064278,0.46117023544515046,0.2657728588173785,1.1184999029063143,1
2.098303814770279,0.1931592193673665,0.6956258761258596,0.14580020667147295,1.023017104699133,1
1.848011383268212,0.148286925386244,0.4244994834198856,0.45125286673429554,1.3617721693974618,1
1.6197573951844557,0.1871819802134083,0.4766776801729535,0.3671223937154098,0.9928159765970067,0
1.9312615226004302,0.24561627087621674,0.8727207306422816,0.05883926649127852,1.3736828133761665,1
1.6737363363222177,0.012639890793350613,0.7444437171265774,0.20256732400205218,1.3219495521730498,0
2.0205588250238704,0.10714587243721896,0.9832718725335343,0.15887545866174244,1.1331099838326306,1
1.689186996125851,0.3162437885163786,0.5102969260408983,0.024526496210598794,1.0851339422954245,0
2.1310332802187912,0.3012545631819587,0.8606970471658569,0.4864777851559486,1.3601436901123196,1
1.8469229580171587,0.10673712576021553,0.8747396947582802,0.3613451046403512,1.0482703436178278,1
1.5922879426221983,0.2523040416861539,0.5690085450454061,0.5116104942994935,0.9686580512970127,0
1.609262701232181,0.2807927200472117,0.5035028254663838,0.09790164420360341,1.1837053812061078,0
2.060345166287768,0.06636575995952361,0.5977264392317442,0.42455475068509463,1.4071715619301823,1
1.8360526535066946,0.048615996969534656,0.41989400811660826,0.12541928447484693,0.9031690369655143,1
1.5356079417852893,0.0,0.4115322354916873,0.0,1.4240757062936018,0
1.6118898369153172,0.0,1.0115322354916874,0.5461179681433668,0.8240757062936017,0
1.7249491097642637,0.0,1.0115322354916874,0.0,0.8240757062936017,0
2.135607941785289,0.0,1.0115322354916874,0.0,0.8240757062936017,1
1.736653861664071,0.0,1.0115322354916874,0.5461179681433668,0.8240757062936017,0
1.7871876091238263,0.0,1.0115322354916874,0.0,0.8240757062936017,0
1.86086478414553,0.0,1.0115322354916874,0.0,1.1796767291132564,0
1.8724092474520415,0.0,1.0115322354916874,0.0,1.1802591642370892,0
1.7114689399849483,0.0,0.4115322354916873,0.5461179681433668,0.8240757062936017,0
1.885343542697225,0.0,1.0115322354916874,0.0,1.1810698281838026,0
1.7321025365556197,0.0,0.4115322354916873,0.5461179681433668,0.8240757062936017,0
1.8884511313081052,0.0,0.9015072594458116,0.0,1.1809968938359179,0
1.7502255390289403,0.0,0.4115322354916873,0.5461179681433668,0.8240757062936017,1
1.8799284723146164,0.0,0.735846411972739,0.0,1.1813435270081931,0
1.8836061468606788,0.0,0.7118949031097069,0.0,1.1811221247950479,0
1.8901597064675426,0.0,0.7042879891480776,0.0,1.180823072316965,0
1.5356079417852893,0.3378515687040468,0.4115322354916873,0.5461179681433668,1.4240757062936018,0
1.9019930288590658,0.0,0.7236746417856657,0.0,1.1802512073601314,0
1.5356079417852893,0.3378515687040468,0.4115322354916873,0.5461179681433668,1.4240757062936018,0
1.8844872323340192,0.0,1.0115322354916874,0.25303701185414895,1.1790337788090326,0
1.5356079417852893,0.3378515687040468,1.0115322354916874,0.5461179681433668,1.4240757062936018,0
1.8893607375392865,0.0,1.0115322354916874,0.26835018887189577,1.1788731799351688,0
1.5356079417852893,0.3378515687040468,1.0115322354916874,0.0,1.4240757062936018,0
1.5356079417852893,0.0,0.4115322354916874,0.5461179681433668,1.4240757062936018,0
1.812992900929466,0.19596044562113119,1.0115322354916874,0.0,0.9345271018738242,0
1.6723295727913394,0.1439536416796625,0.4115322354916873,0.5461179681433668,1.4240757062936018,0
1.8947351563701296,0.0,0.5391153082450051,0.0,1.1802537445842207,0
1.5356079417852893,0.3378515687040468,0.4115322354916873,0.0,1.4240757062936018,0
1.8526505154877264,0.24926445523881952,1.0115322354916874,0.0,0.8240757062936017,1
1.8883523175282007,0.1068398729643109,1.0115322354916874,0.0,1.183753416783474,0
1.7447839372076976,0.3378515687040468,1.0115322354916874,0.0,1.4240757062936018,0
1.693371767505095,0.13952753325220238,0.4115322354916873,0.5461179681433668,1.4240757062936018,0
1.8031627173511795,0.02767097792845267,1.0115322354916874,0.5461179681433668,0.9863583982208655,0
1.900142958580361,0.0,0.5310450628070336,0.0,1.1799258594253614,0
1.8988284190532916,0.10602743398471952,1.0115322354916874,0.0,1.183260207194137,0
1.5356079417852893,0.0,0.4115322354916873,0.0,1.4240757062936018,0
1.5356079417852893,0.0,1.0115322354916874,0.5461179681433668,1.4240757062936018,0
1.892960944085791,0.0,0.7148897703569873,0.1774713729106288,1.1786234433799396,1
1.696802240317543,0.3378515687040468,1.0115322354916874,0.5461179681433668,1.4240757062936018,0
1.700151310112951,0.3378515687040468,0.4115322354916873,0.0,1.4240757062936018,0
1.7114573867076468,0.09276825890129203,0.4115322354916873,0.5461179681433668,1.4240757062936018,0
1.5356079417852893,0.0,1.0115322354916874,0.0,1.4240757062936018,0
1.7267987361116173,0.0,0.4115322354916873,0.5461179681433668,1.4240757062936018,0
1.5356079417852893,0.3378515687040468,1.0115322354916874,0.0,1.4240757062936018,0
1.6742698980903097,0.3378515687040468,0.4115322354916873,0.5461179681433668,1.4240757062936018,1
1.8116514428857555,0.0,1.0115322354916874,0.5461179681433668,1.0826150563173966,0
1.5356079417852893,0.3378515687040468,0.4115322354916873,0.5461179681433668,1.275067986754839,0
1.8176568255888157,0.0,1.0115322354916874,0.5461179681433668,1.0974303108593282,0
1.5356079417852893,0.0,0.4115322354916873,0.0,1.2725271967357876,0
1.8842324850243493,0.0,1.0115322354916874,0.2600060067219708,1.1583562286227882,0
1.5356079417852893,0.3378515687040468,0.4115322354916873,0.5461179681433668,1.2735909944738155,0
1.8000664031263525,0.0,0.6452948125022253,0.3212895497763177,1.002720508681444,0
1.9069310964677313,0.0,0.7599094944952245,0.0,1.1666748501610902,0
1.5356079417852893,0.0,1.0115322354916874,0.0,1.2584704203558315,0
1.8032205016115361,0.0,0.8713356476581834,0.5461179681433668,1.0759542859436533,0
1.5356079417852893,0.3378515687040468,1.0115322354916874,0.5461179681433668,1.2765391188559152,0
1.7940454184311263,0.0,0.4115322354916873,0.09632767754248947,0.9896269614180363,0
1.5356079417852893,0.3378515687040468,0.4115322354916873,0.5461179681433668,1.271026483964647,0
1.9042304894539335,0.0,0.8727286487556158,0.10206199390436585,1.1654995575758733,0
1.5356079417852893,0.0,0.4115322354916873,0.5461179681433668,1.2604050384543435,0
1.80140645545595,0.0,0.833273175976318,0.5461179681433668,1.0835400080415545,0
1.9061503649700566,0.0,0.726880123038883,0.0,1.1663190302759385,0
1.8166515259376335,0.20521774949257554,1.0115322354916874,0.0,0.9340165721069934,0
1.5356079417852893,0.0,0.4115322354916873,0.0,1.2694418787899362,0
1.7338683304794977,0.0,0.4115322354916873,0.5461179681433668,1.143026597188463,0
1.5356079417852893,0.3378515687040468,0.4115322354916873,0.5461179681433668,1.2685202063346948,0
1.8935404981357298,0.0,0.8835556261649289,0.1735872620999728,1.1620863948130464,0
1.9026079149697621,0.0,0.6873044380944073,0.0,1.1654508977603557,0
1.5356079417852893,0.0,1.0115322354916874,0.5461179681433668,1.2490035721388053,0
1.8018361322610745,0.0,0.6130643269031261,0.3325915851310947,0.9830343882086539,0
1.8191926101953202,0.21202631576571146,1.0115322354916874,0.0,0.9317496372102274,0
1.8361761281914433,0.0,1.0115322354916874,0.5461179681433668,1.1280415405143274,0
1.5356079417852893,0.3378515687040468,0.4115322354916873,0.5461179681433668,1.2663321432654429,0
1.9046827761537817,0.0,0.6864086705441677,0.0,1.1658643538005693,0
1.7407946274237607,0.0,0.4115322354916873,0.5461179681433668,1.1399367372591782,0
1.5356079417852893,0.0,0.4115322354916873,0.0,1.266555862812765,0
1.6007645150793937,0.3378515687040468,0.4115322354916873,0.5461179681433668,1.1906930209436637,0
1.8096756042839515,0.1515855711532999,1.0115322354916874,0.2540870292547627,0.9361762313167467,1
1.8062579464173751,0.0824083617339185,1.0115322354916874,0.3909671949599066,1.100503442723475,0
1.8119028716845755,0.0820143619781452,1.0115322354916874,0.36843000237756723,1.1025540830100837,0
1.8885077247060804,0.0,1.0115322354916874,0.29960151386769285,1.1607618590591282,1
1.9608523199625028,0.014561549728460525,0.4115322354916873,0.0,0.8240757062936017,1
1.825942649984463,0.17344252623058146,0.7183912869591252,0.0,0.9164823911798924,0
1.7295206882714853,0.3378515687040468,1.0115322354916874,0.5243404626080571,1.4240757062936018,1
1.81801176304756,0.13575290815619853,0.7491474770498241,0.112828971768299,0.9373984162874717,0
1.81946219636535,0.1361296908800007,0.7505677552499465,0.11597052846636643,0.9373838419871213,0
1.8207736930042007,0.13675517059548684,0.7511613870651942,0.11735184821536339,0.9371096616021284,1
1.8950780511395109,0.0,0.595430250720054,0.05584001169755492,1.1736073717499627,0
1.8924858273376666,0.0,0.5996426284621176,0.06960951610476734,1.1728806967123035,0
1.6827942534619442,0.3378515687040468,1.0115322354916874,0.5461179681433668,1.1166009868192492,0
1.889073559501486,0.0,0.6032143763362862,0.08473957261819373,1.1720249011549357,0
1.8052034303736804,0.06898055219038758,0.8228384020844113,0.3014253185026724,1.0283970930535602,0
1.89337035680413,0.0,0.6030775022954259,0.07544742743322518,1.1727934255042054,0
1.804927950448972,0.07177561361019447,0.8276318808942269,0.30381736210528887,1.0284698413410451,0
1.8974560599871337,0.0,0.6026027098192227,0.06567139669632231,1.1734428884561738,0
1.8047480678905519,0.07366676067332599,0.8309734935227439,0.3067284803016145,1.0284239553604715,0
1.900432437640831,0.0,0.6023999841773102,0.05892616629787395,1.1738340633021385,0
1.6939044784686272,0.3378515687040468,1.0115322354916874,0.5461179681433668,1.1108065889975454,0
1.8060207329453337,0.071329789137597,0.8259332943727078,0.3090520196303417,1.028170098350391,0
1.900535588435585,0.0,0.6023256952362428,0.0616902877704251,1.1738352900526487,0
1.8059133073085707,0.07303209364984009,0.8282601909681944,0.3104214921655828,1.0282317999399437,0
1.9020053797421763,0.0,0.6025266418395774,0.059631180940108254,1.1739833038170182,0
1.8058490996276697,0.07428345742028358,0.8301111922929977,0.3121759818431912,1.0281625423174243,0
1.9085028716561752,0.026476519535239294,0.6182735692159859,0.0,1.174436861965639,0
1.7260959482475404,0.3378515687040468,1.0115322354916874,0.3162612453933203,1.1048010285065606,1
1.7903453471912787,0.13516071654137088,0.8880659859236995,0.2577402073032635,1.044576022713823,0
1.7922416064604934,0.13184258614715527,0.8823676752419752,0.25830162270002477,1.0444545285244307,0
1.5356079417852893,0.3378515687040468,1.0115322354916874,0.0,1.4240757062936018,0
1.7940714910747755,0.12796778815221005,0.8763320323549822,0.26038327881155793,1.0443799987751705,0
1.7954578451599459,0.1249895163158032,0.8717787722065001,0.26220804528364905,1.0443087321453912,0
1.9037461125919535,0.0,0.6161133299474103,0.0651815002720567,1.173882109992651,0
1.7534194599068749,0.3378515687040468,1.0115322354916874,0.0,1.4240757062936018,0
1.903138420098534,0.0,0.6173414626051924,0.06913498121097857,1.1736242163402968,0
1.7970249786305748,0.11384993332596306,0.8626718400304939,0.28308066051693076,1.0427001065670145,0
1.903644211608422,0.0,0.6175687831919984,0.06951352437706669,1.173597839368232,0
1.7974142099472115,0.11421257438168535,0.8627994192543503,0.283142724404328,1.0423997643249594,0
1.5356079417852893,0.3378515687040468,0.4115322354916873,0.0,1.4240757062936018,0
1.9048284257176211,0.0,0.6175571145117124,0.06772929059440398,1.1736230554483706,0
1.7979058326987434,0.11374460463097139,0.862371300572984,0.284691151515412,1.0418028294130761,0
1.8609495907751141,0.0,1.0115322354916874,0.4861319938908554,0.8240757062936017,1
1.8031566103335446,0.0,0.8041342558806216,0.5461179681433668,1.0230816804049292,0
1.8081212830359705,0.0,0.7968157091845068,0.5119663911693703,1.0159100979281674,0
1.8115743350145495,0.0,0.7912600865289596,0.4883762294043511,1.0084451734935669,0
1.7037943642946927,0.3378515687040468,1.0115322354916874,0.5274847575632906,0.8240757062936017,1
1.6783981110601536,0.3378515687040468,1.0115322354916874,0.5461179681433668,0.9602279300170229,0
1.683510956738247,0.3378515687040468,1.0115322354916874,0.5461179681433668,0.9628387925012771,0
1.6874932620475132,0.3378515687040468,1.0115322354916874,0.5461179681433668,0.9647088325687945,0
1.7247662457215513,0.3378515687040468,1.0115322354916874,0.13579867162163456,0.8240757062936017,0
1.6915056472740329,0.3378515687040468,1.0115322354916874,0.5461179681433668,0.9673233768725072,0
1.6940653260620158,0.3378515687040468,1.0115322354916874,0.5461179681433668,0.9680434915729881,0
1.8063356579094507,0.0,0.7699493781150116,0.5461179681433668,0.9697483424287777,0
1.736528679640792,0.3378515687040468,1.0115322354916874,0.11368951577716829,0.8240757062936017,0
1.6968292269483385,0.3378515687040468,1.0115322354916874,0.5461179681433668,0.9693128728577448,0
1.80723066883646,0.0,0.7613084928788524,0.5461179681433668,0.9661638482397514,0
1.5356079417852893,0.0,0.4115322354916873,0.5461179681433668,1.2274974941754628,0
1.9151348423634116,0.030099146700922574,0.6491360515675313,0.0,1.173391021892121,0
1.5356079417852893,0.0,0.4115322354916873,0.0,1.2575516105981284,0
1.6993400281446343,0.3378515687040468,1.0115322354916874,0.5461179681433668,0.969651208717944,0
1.8149224883279367,0.0,0.71989435135035,0.45926121137616366,0.9474136660149569,0
1.9134988052176907,0.03520740782659626,0.6503161351285583,0.0,1.1734470854319234,0
1.5356079417852893,0.0,0.4115322354916873,0.5461179681433668,1.2397438517764678,0
1.7929737117438376,0.10634645785589192,0.8625499355775509,0.34533480412257606,1.0262046143733854,0
1.6201784974798232,0.3378515687040468,0.4115322354916873,0.5461179681433668,1.1532486044519603,1
1.5870514014762431,0.3378515687040468,0.4115322354916873,0.5461179681433668,1.4240757062936018,0
1.5896112806684555,0.3378515687040468,0.4115322354916873,0.5461179681433668,1.4240757062936018,0
1.5917089505891693,0.3378515687040468,0.4115322354916873,0.5461179681433668,1.4240757062936018,0
1.5965835182756414,0.3378515687040468,0.4115322354916873,0.5461179681433668,0.8240757062936017,1
1.5356079417852893,0.3378515687040468,0.4115322354916873,0.5461179681433668,0.9328274523202695,0
1.591520737684136,0.3378515687040468,0.4115322354916873,0.5461179681433668,1.3149925323251692,0
1.5356079417852893,0.3378515687040468,0.4115322354916873,0.5461179681433668,0.8240757062936017,0
1.5356079417852893,0.3378515687040468,0.4115322354916873,0.0,0.8240757062936017,0
1.595238391782763,0.3378515687040468,0.4115322354916873,0.5461179681433668,1.3155737691539502,0
1.5966806226391235,0.3378515687040468,0.4115322354916873,0.5461179681433668,1.3144436311629548,0
1.5356079417852893,0.3378515687040468,0.4115322354916873,0.5461179681433668,0.8240757062936017,0
1.5989392382154834,0.3378515687040468,0.4115322354916873,0.5461179681433668,1.3151698854115448,0
1.6745652793289958,0.3378515687040468,0.8395212511234387,0.5461179681433668,0.9583510759845999,0
1.7232597440895423,0.3378515687040468,1.0115322354916874,0.19103317886712323,0.8240757062936017,0
1.5999732612131499,0.3378515687040468,0.4115322354916873,0.5461179681433668,1.3157370132515245,0
1.5356079417852893,0.0,0.4115322354916873,0.5461179681433668,0.8240757062936017,0
1.5356079417852893,0.0,0.4115322354916873,0.0,0.8240757062936017,0
1.6832284833150217,0.3378515687040468,0.873804076246108,0.5461179681433668,0.9602048930542324,0
1.9095860063236147,0.04683405999645618,0.6571954399430848,0.0,1.171069408854208,0
1.601077872004453,0.3378515687040468,0.4115322354916873,0.5461179681433668,1.315852893818163,0
1.5356079417852893,0.3378515687040468,0.4115322354916873,0.0,0.8240757062936017,0
1.796358101053052,0.10873408607288322,0.8545811177045104,0.31855538178814813,1.0213999483344338,0
1.898612461632071,0.0,0.6298532358115352,0.10093836913545495,1.1698111278040928,0
1.7315035736558577,0.3378515687040468,1.0115322354916874,0.16707846811656393,0.8240757062936017,0
1.6025196397265093,0.3378515687040468,0.4115322354916873,0.5461179681433668,1.3153333882669624,0
1.907985049212401,0.05282675353193324,0.6613868479152409,0.0,1.1707864719845644,0
1.7967093618488674,0.10664879183249247,0.8546539676287049,0.3258713326102178,1.0206989326471476,0
1.70296813683836,0.3378515687040468,1.0115322354916874,0.5461179681433668,0.9640338182594337,1
1.5356079417852893,0.3378515687040468,0.4115322354916873,0.5461179681433668,0.8240757062936017,0
1.7263521873002279,0.3378515687040468,1.0115322354916874,0.2039304586293841,0.8240757062936017,0
1.9076298334102206,0.052823775059059046,0.663352024729188,0.0,1.171292399900123,0
1.5356079417852893,0.0,0.4115322354916873,0.0,0.8240757062936017,0
1.8031447087439372,0.09876155905794577,0.8487285745517898,0.30898107516019546,1.027249215195738,0
1.60426687763847,0.3378515687040468,0.4115322354916873,0.5461179681433668,1.3168089840856638,0
1.8969731428120655,0.0,0.6322758659719198,0.10804116347439537,1.1699237695454463,0
1.5356079417852893,0.0,0.4115322354916873,0.5461179681433668,0.8240757062936017,0
1.802610543786987,0.10146327271564134,0.8521121931171094,0.30861724949810937,1.027309922152117,0
1.9071296235065514,0.056386927812107475,0.6660250892794959,0.0,1.1710747198971831,1
1.723998192882186,0.3255260709870572,0.4115322354916873,0.0,0.8240757062936017,1
1.7757515595281148,0.1667367951221127,0.8615245253507448,0.33924045697365623,0.8240757062936017,1
1.808597403757781,0.08404996959557408,0.4115322354916873,0.0,0.8240757062936017,0
1.844334765522572,0.05976520222272787,0.8498074996091395,0.19596312933939455,0.8240757062936017,0
1.8086172733399064,0.09341763890767331,0.4115322354916873,0.0,0.8240757062936017,0
1.7428709741042872,0.3378515687040468,1.0115322354916874,0.1357339250754244,0.8240757062936017,0
1.8425749512167615,0.062513627605408,0.8556963651057761,0.20606476126829404,0.8240757062936017,0
1.741853930522495,0.3378515687040468,1.0115322354916874,0.15069532299110464,0.8240757062936017,0
1.5356079417852893,0.3378515687040468,0.4115322354916873,0.0,0.8240757062936017,0
1.8414728917500622,0.06631523832587286,0.8562304737741966,0.2061152380904039,0.8240757062936017,0
1.8405068642038351,0.0696539397487327,0.8571458404021622,0.20558692753665558,0.8240757062936017,0
1.9617692566532883,0.0,0.7255973721865335,0.0,1.3418140772718128,1
1.8340956299175686,0.13934858100196584,0.6086290664151929,0.0,0.8240757062936017,1
1.83109900644543,0.13124775212730364,0.6756244299412253,0.0,0.8240757062936017,0
1.750940446335843,0.3378515687040468,1.0115322354916874,0.1020196099849561,0.8240757062936017,0
1.8315941560130125,0.1298871432701283,0.6683323144115703,0.0,0.8240757062936017,0
1.7431375281656347,0.3378515687040468,1.0115322354916874,0.1525881086430341,0.8240757062936017,1
1.7903603173586211,0.12860916571486675,0.4115322354916873,0.0,0.8240757062936017,0
1.942613178639937,0.0,1.0115322354916874,0.0,0.8240757062936017,0
1.7935306226362595,0.12873513549938265,0.4115322354916873,0.0,0.8240757062936017,0
1.7954893578681357,0.12915578618701862,0.4115322354916873,0.0,0.8240757062936017,0
1.7426971591410647,0.171285822268839,1.0115322354916874,0.5461179681433668,0.8240757062936017,0
1.688279243501126,0.3378515687040468,0.4115322354916873,0.084477039826262,1.4240757062936018,1
1.6305896529824162,0.3378515687040468,0.4115322354916873,0.2505006409768972,1.4240757062936018,0
1.6309404302549495,0.3378515687040468,0.4115322354916873,0.2640074862905365,1.4240757062936018,0
1.6310881922202125,0.3378515687040468,0.4115322354916873,0.27562550233747746,1.4240757062936018,0
1.854944889009129,0.06979675862160564,0.8553499939755156,0.16707253001162461,0.8240757062936017,1
1.6260630983953532,0.3378515687040468,0.4115322354916873,0.3468537337629116,1.4240757062936018,0
1.816447243719061,0.0,0.7600455893873198,0.5461179681433668,1.122981771668563,0
1.625710799898503,0.3378515687040468,0.4115322354916873,0.36077929144260934,1.4240757062936018,0
1.6103944829753765,0.3378515687040468,0.4115322354916873,0.5461179681433668,1.4240757062936018,0
