n,c,delta_u3,delta_l3,delta_u2,delta_l2,feasible
20.00863484161246,1.836189288017478,0.11256767937096858,4.0,0.0,0.0,0
19.982103340124386,1.944750515102015,0.0,3.8564172187710675,0.13190969622942428,0.11666879031434224,0
19.972831884283476,2.1612730849987574,0.07012640133780684,3.855479938474619,0.055312617612374826,0.0,0
20.094694824845384,1.9846980173056143,0.0,3.8822343762465135,0.18338120080110454,0.0,1
19.898678106324827,1.9393668713803178,0.0798463778330023,4.0,0.06190989173939826,0.0646231504511824,1
17.875277679191708,1.648644395358805,0.30738891683299413,3.6813727125895377,0.9596905143517881,1.0366394448735974,0
17.536938420412906,1.5835831762721182,0.2605531438400388,3.9010275400004244,0.9787817266459801,0.9487667412112429,0
17.454204082967834,1.7444308462765052,0.40172819756483397,3.8362419113360713,0.9980079176576921,0.900832933281666,0
17.655867573521924,1.719743508239831,0.4275932359972224,3.8981318557025,0.6487202279871137,0.8193429185118685,0
17.48347464091722,1.613774970579996,0.3429539885097222,4.0,0.7374189336114773,1.0125353541541857,0
21.068753132646954,1.785375187287423,0.06226452846979766,0.799465585195579,0.35280195511229495,1.2430777915735904,0
21.268874837552058,1.7662551728856042,0.1665479508926199,0.682836586759445,0.054765019642678464,0.9540826241930797,0
21.183265755489085,1.910182053393354,0.05921542911463161,0.8151050386018526,0.1820300711928866,1.147856659955109,0
21.415022157484426,1.7892059608272535,0.10636785433765854,0.6122433443316896,0.19165989115860596,1.0668150221938524,0
21.14180765155097,1.9086538139031266,0.0,0.7134063533008405,0.3182299669792531,1.1910553826980934,0
20.782746354129632,1.7642206774431788,0.1018663323018445,0.7897017913630204,0.19759236772406483,0.8766656578832623,0
17.50124261959448,2.1127465405149977,0.3069654116497714,0.8313565157781371,0.14519636314262807,1.4055815327022363,0
24.108692638047273,1.9657420552806866,0.1518174884144859,0.5748771725987828,0.0526408363986532,1.3656371442199067,0
20.878946496725437,1.6570259606624274,0.1033679254246924,0.759063976856825,0.09653879304182163,1.338044276749027,0
23.906378896741426,1.9672857153558512,0.14598331131411887,0.7879175399131533,0.31898639597929057,1.2139836672264939,1
17.165626809788215,1.785092383087655,0.014059413919563316,0.7079267270383987,0.1801431350484884,0.9107902196132298,0
17.35521327561484,1.8881946850919165,0.057635102030067074,0.9666043065177656,0.3173279289802487,1.0321975890145039,0
22.230338513203492,1.5492902644031077,0.3238507338893392,0.7009142976574275,0.42746577190016277,0.8737137062470649,0
21.18776690677093,1.8300321383980016,0.3168461389854531,0.7545690669173326,0.2585810696426433,0.9842611041487379,0
19.636873571814846,1.848011383268212,0.148286925386244,0.4244994834198856,0.45125286673429554,1.3617721693974618,0
17.723674488375433,1.8680296279087187,0.03668248446581411,0.8148762913155744,0.15358682260343004,1.2197292871087428,0
23.59112974125815,1.9967964369358833,0.03640044760485758,0.9611393425742523,0.12572399694568784,0.8465232399993096,1
21.86970829230416,1.7581613121027524,0.28034576641181386,0.8964831187302684,0.17319524776757828,1.3958153433354488,0
19.230361979790512,1.844642219324318,0.086478207381738,0.9731583775210655,0.08989528687840571,0.8510220779289991,0
20.672154198419705,2.1310332802187912,0.3012545631819587,0.8606970471658569,0.4864777851559486,1.3601436901123196,0
21.509767202253816,1.725165372883765,0.26082561124772374,0.8085289933923441,0.20406119967357558,0.8807557071305109,0
23.789079711879587,1.693084251339008,0.31650379249041766,0.5561145804950982,0.06704031262204149,1.3227433095685455,0
17.854026764634266,1.6431689266799328,0.20250241636952762,0.9362694599941661,0.10727650051296421,1.0102699100336585,0
24.095231980801103,2.1187037974218694,0.16917619527318656,0.4978707370224378,0.007610857126664405,0.9618693242929148,0
17.639405776254534,1.9422031459530036,0.041161302807892285,0.7153301944640671,0.3791491907115581,1.172745671826143,0
18.3189401149899,2.018082657494647,0.24170142100275793,0.8549226378410124,0.07157299298991808,0.8983279884838085,0
25.5968091084544,1.7741548580802535,0.10167598761762117,0.7046826627026074,0.3620020570294,1.3974496605217839,0
19.185645867209875,2.0904929993725054,0.008398818162031436,0.7446510608877821,0.3462251998447382,0.8876141485440537,0
17.724579569028453,1.7870765333750716,0.3264429672494847,0.7691577674323111,0.5095407460108856,1.3066922556613842,0
20.99499961394224,2.0064660113366015,0.006026185447260513,0.4770186335511283,0.45296586987972703,1.3021659592886987,0
18.64759101805366,1.8540696961447214,0.20474339568296906,0.932175607757294,0.32936765533854667,1.07161864785781,0
20.06302403246115,1.7911371936093952,0.22025591967903235,0.9320266145430822,0.24788124298611816,0.9727794440644166,1
18.687807228365138,1.983216509931357,0.2758790376774918,0.47469908340416234,0.036348987722306894,1.1807359045474728,0
17.78291604031631,2.0304064560590938,0.1048470564085074,0.49785539527437295,0.5029585231548828,0.9233947399347686,0
19.168384421768682,1.6277759789005244,0.039018499179070416,0.42422104529355137,0.030252428297256172,0.9288605888551134,0
16.85500292466108,1.8902942314518718,0.22998047071884614,0.6477105095909044,0.17366065175513357,1.12679144850694,0
25.071233020735413,2.0462869178786125,0.014688117900527473,0.5204312812496018,0.12929062797589602,0.9737082517929289,0
22.03351011581705,1.7853653972072046,0.01664058168267488,0.6357007185674304,0.286030896162773,0.8850788480358314,0
24.655769136274923,1.5667850616643517,0.3124592762509349,0.47100012043961265,0.4606914385432037,1.365667592650172,0
26.11689040425525,2.016823469949445,0.26334770991916606,0.797022201089016,0.4254239063532975,0.90480703134149,1
21.681863957865698,1.8441416638995378,0.289732094168699,0.6892118548477969,0.210304293163678,1.2078136690358678,0
18.985816773397787,1.6194689883576634,0.16145158667693615,0.6616658566486184,0.12701062337285215,1.0445827923626785,0
19.9851080966518,1.7321052804328165,0.12820253460258044,0.8229782427652546,0.16212957708243622,1.393390462322806,0
25.484663793771105,1.8241541987653362,0.11093734821238521,0.7327931093896893,0.463414129975794,1.215628110629663,1
24.3651018778601,1.8552413074247334,0.213832213908512,0.5844256040011644,0.40133836060334943,0.9455184621690327,1
23.26916488657431,2.0520393827808254,0.044631150812582086,0.7801600798168393,0.051933496802405055,1.259505083256458,0
17.166115786624527,2.097171835405665,0.046423484715647376,0.9868603830371356,0.43737723896176733,1.1802849089734142,0
24.147424644684794,2.0126768451751404,0.3196167272093169,0.5635622477951997,0.3222510490234577,0.8811052248322424,0
22.48284059863054,1.6383827242409625,0.19086945032627495,0.7549905439119973,0.2544828649310838,1.1376547716014755,0
23.960417498455204,2.0151547716925293,0.16627473592489966,0.7712883004052548,0.5085648408965558,0.8959158593942754,0
17.49221925739043,1.5882333489317504,0.22226014284373982,0.662697215965915,0.4228708384732778,1.2268145542787574,0
19.657561181671706,2.0746278702022107,0.2576226820750848,0.5738532000377927,0.19889180475970705,1.0127396944161595,0
17.897300084639323,1.6242779653106043,0.31627213200843524,0.6742746578109393,0.2093378427642745,1.2618871315000284,0
21.851114250918325,2.0972919338883664,0.2636260837793994,0.6991539739664117,0.20553667094885614,1.4160546332481951,0
23.49878595842576,2.1063247377875935,0.040028173170600964,0.921852443006157,0.3479174950824812,0.8972287132946692,0
22.203763598081533,1.9472657608485584,0.0041564817267376085,0.6841230125967352,0.450765503961063,1.0012911215000557,0
20.906664416374838,1.8009964180260252,0.10200664283356659,0.96259737280102,0.42667871115239103,0.890428752891268,1
26.291530176765058,2.0631279563699363,0.09591891110068096,0.9136701832882503,0.058117618516367875,1.423538544578145,1
22.978030959454692,1.9256829511205673,0.030555541486323664,0.9497522748296625,0.015837149767191895,0.9685725411182899,0
17.751402350055674,2.00166870620062,0.06696360908765087,0.9579151717702186,0.3584003143129282,0.8457733325904194,0
16.37548193967633,1.5666026919939287,0.20471277178556305,0.8924213220073365,0.13027798169589844,1.3337210120474454,0
16.893502999921928,2.016186253970295,0.31345714152015086,0.8747972749543158,0.3812563040650676,1.3268638374868318,0
16.72269659385999,1.6566772082167225,0.042205661021692785,0.7142508296074792,0.40696062652750703,1.202082813039441,0
24.832494596008676,1.6287357372499438,0.24819288831337413,0.5273571300130298,0.1478662191267122,1.250018524662384,0
26.123231447376142,1.902534105371531,0.018413016914673896,0.781317617448207,0.023128397178711704,1.3545631331136923,0
23.41696644939553,1.6394846496387911,0.03098808570081833,0.5216521728198787,0.5352104520234101,1.0992120917686956,0
24.161993081803406,1.9174529470499553,0.19339068066035042,0.49861038829071713,0.5166409523910858,1.0048812858024325,0
22.10135575646475,1.955473508538729,0.21934443995430555,0.9758888813089985,0.08106519956839578,1.129087349361767,1
20.361527505796985,1.82010917947486,0.040277828242923815,0.4919890014153465,0.15186205205241804,1.0068984685501006,0
20.600215735202823,1.902200470007266,0.21441044286502486,0.6586187734430295,0.22324380113252762,0.954652822311779,0
22.204246082479408,1.725832488575632,0.012182871577815285,0.6625722619858037,0.2589323731506229,0.9594314272161284,0
22.045762929610483,1.8750710820444416,0.23717253812180136,0.8003013248124133,0.3563054151768321,1.0138041973880276,0
24.195505818248865,1.8650945719450969,0.14575531400899452,0.7871397240563216,0.19696145068597554,1.1317192530576567,1
23.68824048321153,2.067449673819514,0.31118061897233323,0.7137119906015469,0.2841315885376766,1.3039979527519037,0
19.465690515831337,2.03803735919233,0.1669465304379121,0.4810462700928484,0.03935279498562005,1.3292716329172798,0
16.876862767458103,1.7039748034654827,0.11288635833459396,0.5153289026066437,0.1714228093299368,1.2696912463286532,0
16.468012033990032,2.031911996497701,0.28938609343501537,0.6348891794066163,0.08389076431560596,1.1845799510606503,0
17.517909157038268,1.7545595584322407,0.32380680225912817,1.0088109190418697,0.42166035446012123,1.0106526122460615,0
23.19783409005025,1.9588517610756968,0.1310329251198758,0.796065416243383,0.005858559677079707,0.9495103014549466,0
21.572066628061936,1.6338587243402667,0.05605189557086192,0.9133148098218302,0.540183305649118,1.1576573631106708,0
24.71188090720646,2.1298009403810525,0.04783839307500394,0.680479603444298,0.21439101392411258,0.8721052764813128,0
23.87448532633677,1.795875358178845,0.158562840951288,0.5019360197796314,0.09880729569930323,1.3683378795873309,1
16.767674488132116,1.675319312751513,0.09867270290141678,0.7056507609326392,0.32026824631432554,1.1200496918040017,0
17.162336943958145,1.6818084142187173,0.28500765913253756,0.7940854557787629,0.35451196028152643,1.2261976595044146,0
23.950213788784616,1.5704730308181576,0.12385921794954013,0.7352486966486946,0.18483716696328503,1.3307630302659137,0
21.146908684262264,1.9967844954609166,0.28785477893849226,0.7144071252337862,0.4967228233432616,1.17635007061579,0
24.823926586726543,1.7399624191402037,0.16852609193604376,0.730378860094434,0.05733130914142997,1.063207210314526,0
25.494560323906086,1.9141072860041346,0.05997087733162367,0.6148456168574503,0.1046378463271475,0.8389695853727452,1
25.59578818342959,1.804532338739412,0.10390120664887524,0.7706185504263293,0.003994556008815162,0.9908889702540901,0
23.351518255378252,1.9158698056268468,0.3317046795402087,0.7837468612865138,0.26077453748210067,1.2809352442040063,1
25.354462318029857,1.9680255098163002,0.32542242286950224,0.8807353379345937,0.47337584024735124,0.892538149003784,1
23.645318628327203,1.7996611615017104,0.1868669873008225,0.8039936811811015,0.5296334610099677,1.4148225551525766,1
26.12861715746235,2.135607941785289,0.0,0.4115322354916873,0.0,0.8240757062936017,0
16.321183598389325,2.135607941785289,0.0,0.4115322354916873,0.5461179681433668,0.8240757062936017,0
26.321183598389325,2.135607941785289,0.0,0.4115322354916873,0.0,0.8240757062936017,0
23.912991598508132,2.135607941785289,0.0,0.4115322354916873,0.0,0.8240757062936017,0
20.105367813420813,2.135607941785289,0.0,1.0115322354916874,0.5461179681433668,0.8240757062936017,0
16.321183598389325,2.135607941785289,0.0,0.4115322354916873,0.0,0.8240757062936017,0
20.240568252210263,2.135607941785289,0.0,1.0115322354916874,0.5461179681433668,0.8240757062936017,0
20.36413119669079,2.135607941785289,0.0,1.0115322354916874,0.5461179681433668,0.8240757062936017,0
16.321183598389325,2.135607941785289,0.3378515687040468,0.4115322354916873,0.5461179681433668,0.8240757062936017,0
24.446653555310288,2.135607941785289,0.0,0.6959318808976531,0.0,0.8240757062936017,0
20.72055263653345,2.135607941785289,0.0,1.0115322354916874,0.5461179681433668,0.8240757062936017,0
24.431662445412112,2.135607941785289,0.0,0.7248379493721566,0.0,0.8240757062936017,0
20.923625058654235,2.135607941785289,0.3378515687040468,1.0115322354916874,0.5461179681433668,0.8240757062936017,0
26.321183598389325,2.135607941785289,0.3378515687040468,0.4115322354916873,0.0,0.8240757062936017,0
24.327812650622473,2.135607941785289,0.0,0.7573180752422365,0.0,0.8240757062936017,0
21.91762018028,2.135607941785289,0.0,1.0115322354916874,0.5461179681433668,0.8240757062936017,0
24.398740362103904,2.135607941785289,0.3378515687040468,0.711851337230098,0.0,0.8240757062936017,0
22.111600385993203,2.135607941785289,0.0,1.0115322354916874,0.5461179681433668,0.8240757062936017,0
24.422537861448685,2.135607941785289,0.3378515687040468,0.4115322354916873,0.5461179681433668,0.8240757062936017,0
24.4614012766636,2.135607941785289,0.0,0.75975904776203,0.0,0.8240757062936017,0
23.739682913157356,2.135607941785289,0.0,0.7917673235039056,0.5461179681433668,0.8240757062936017,0
26.321183598389325,2.135607941785289,0.3378515687040468,0.4115322354916873,0.0,0.8240757062936017,0
21.765853557810356,2.135607941785289,0.3378515687040468,1.0115322354916874,0.5461179681433668,0.8240757062936017,0
24.420949099236026,2.135607941785289,0.3378515687040468,0.7315087887441939,0.0,0.8240757062936017,0
22.26549989145252,2.135607941785289,0.0,1.0115322354916874,0.5461179681433668,0.8240757062936017,0
24.685862359750782,2.135607941785289,0.0,0.7454591974032191,0.0,0.8240757062936017,0
26.321183598389325,2.135607941785289,0.0,0.4115322354916873,0.0,0.8240757062936017,0
22.343168901722645,2.135607941785289,0.0,1.0115322354916874,0.5461179681433668,0.8240757062936017,0
24.03765399360313,2.135607941785289,0.0,0.744508080456498,0.5461179681433668,0.8240757062936017,0
21.161114007417414,2.135607941785289,0.3378515687040468,1.0115322354916874,0.0,0.8240757062936017,0
16.321183598389325,2.135607941785289,0.0,1.0115322354916874,0.5461179681433668,0.8240757062936017,0
26.321183598389325,2.135607941785289,0.3378515687040468,0.4115322354916873,0.0,0.8240757062936017,0
22.416725110236378,2.135607941785289,0.0,1.0115322354916874,0.5461179681433668,0.8240757062936017,0
24.705755277900355,2.135607941785289,0.3378515687040468,0.7160958597784907,0.0,0.8240757062936017,0
22.4406498082887,2.135607941785289,0.0,1.0115322354916874,0.5461179681433668,0.8240757062936017,0
26.321183598389325,2.135607941785289,0.3378515687040468,0.4115322354916873,0.0,0.8240757062936017,0
24.906307967038348,2.135607941785289,0.0,0.742534029822538,0.0,0.8240757062936017,0
22.482465218468036,2.135607941785289,0.0,1.0115322354916874,0.5461179681433668,0.8240757062936017,0
16.321183598389325,2.135607941785289,0.3378515687040468,1.0115322354916874,0.5461179681433668,0.8240757062936017,0
26.321183598389325,2.135607941785289,0.3378515687040468,0.4115322354916873,0.0,0.8240757062936017,0
24.933619614211324,2.135607941785289,0.0,0.7501463548595287,0.0,0.8240757062936017,0
22.251865688712336,2.135607941785289,0.3378515687040468,1.0115322354916874,0.5461179681433668,0.8240757062936017,0
16.321183598389325,2.135607941785289,0.0,0.4115322354916873,0.0,1.4240757062936018,0
26.321183598389325,2.135607941785289,0.0,0.5628738604169866,0.0,0.8240757062936017,0
16.321183598389325,1.5356079417852893,0.0,0.4115322354916873,0.0,0.8240757062936017,0
16.321183598389325,1.5356079417852893,0.0,0.4115322354916873,0.5461179681433668,0.8240757062936017,0
25.06988850008687,1.8990623245484017,0.0,0.4115322354916873,0.0,0.8240757062936017,0
24.961354132257565,1.8938745989302166,0.0,0.4115322354916873,0.0,0.8240757062936017,0
24.943799512865105,1.8910385512790708,0.0,0.4115322354916873,0.0,0.8240757062936017,0
24.946835567456134,1.8873404919502803,0.0,0.4115322354916873,0.0,0.8240757062936017,0
20.300394253757226,1.9085796428274264,0.0,1.0115322354916874,0.5461179681433668,0.8240757062936017,0
24.62721117304934,1.8820254141107817,0.3378515687040468,0.4115322354916873,0.0,0.8240757062936017,0
20.409895560963523,1.9042777555366963,0.0,1.0115322354916874,0.5461179681433668,0.8240757062936017,0
24.671008709486525,1.881474284191499,0.3378515687040468,0.4115322354916873,0.0,0.8240757062936017,0
23.76118013283186,1.9069945255295613,0.0,0.6376372109037368,0.0,0.8240757062936017,0
21.72891890761233,1.9012554658894494,0.0,0.8223068135836223,0.5461179681433668,0.8240757062936017,0
24.956346083395076,1.8862571318737749,0.3378515687040468,0.4115322354916873,0.0,0.8240757062936017,0
21.378022266807182,1.9025563220438155,0.0,0.8894508660451038,0.5461179681433668,0.8240757062936017,0
23.92100418962121,1.9070222070382863,0.3378515687040468,0.5943330043255856,0.0,0.8240757062936017,0
20.49638584210707,1.8978468577623722,0.0,1.0115322354916874,0.5461179681433668,0.8240757062936017,0
23.94952957844682,1.9082114667562373,0.3378515687040468,0.5981700928910518,0.0,0.8240757062936017,0
21.72828029180648,1.8999350106898267,0.3378515687040468,0.7896489939722086,0.5461179681433668,0.8240757062936017,0
25.345661073683786,1.8964071568233323,0.3378515687040468,0.4115322354916873,0.0,0.8240757062936017,0
20.58794557607742,1.8986567951887292,0.0,1.0115322354916874,0.5461179681433668,0.8240757062936017,0
24.008191721267572,1.9170737987175068,0.0,0.6530112531878771,0.0,0.8240757062936017,0
16.321183598389325,1.7813360899506652,0.3378515687040468,1.0115322354916874,0.5461179681433668,0.8240757062936017,0
21.97956752832676,1.9026316935866776,0.0,0.8138759220791691,0.5461179681433668,0.8240757062936017,0
24.125963185123773,1.9193391619295364,0.0,0.6491026626082596,0.0,0.8240757062936017,0
25.562300371181802,1.9039076146503964,0.3378515687040468,0.4115322354916873,0.0,0.8240757062936017,0
20.719852928425812,1.9035351830228635,0.0,1.0115322354916874,0.5461179681433668,0.8240757062936017,0
16.321183598389325,1.5356079417852893,0.0,0.4115322354916873,0.5461179681433668,0.8240757062936017,0
23.892718602584743,1.9141687456251866,0.3378515687040468,0.6327958156034911,0.0,0.8240757062936017,0
23.141607455344946,1.8493055841692687,0.3378515687040468,0.4115322354916873,0.5461179681433668,0.8240757062936017,0
20.742408296152515,1.9027502499853832,0.0,1.0115322354916874,0.5461179681433668,0.8240757062936017,0
16.321183598389325,1.797821376288145,0.3378515687040468,0.4115322354916873,0.5461179681433668,1.4240757062936018,0
26.321183598389325,1.9385269178286482,0.0,0.4115322354916873,0.0,0.8240757062936017,0
23.85370689319622,1.9175287072492295,0.3378515687040468,0.6480286322271072,0.0,0.8240757062936017,0
20.77525009776592,1.9030725494399772,0.0,1.0115322354916874,0.5461179681433668,0.8240757062936017,0
16.321183598389325,1.8302979524235088,0.3378515687040468,1.0115322354916874,0.5461179681433668,1.4240757062936018,0
24.03911287288158,1.9233909426587221,0.0,0.6760740337582731,0.0,0.8240757062936017,0
20.848481735978933,1.9054957584612762,0.0,1.0115322354916874,0.5461179681433668,0.8240757062936017,0
21.579963113133502,1.8643073753723862,0.3378515687040468,0.4115322354916873,0.5461179681433668,1.4240757062936018,0
16.321183598389325,1.5356079417852893,0.3378515687040468,0.4115322354916873,0.0,0.8240757062936017,0
24.034002475133647,1.9201191366239778,0.3378515687040468,0.6378445005171958,0.0,0.8240757062936017,0
21.74674260147069,1.9060032178565314,0.0,0.8787330267386163,0.5461179681433668,0.8240757062936017,0
26.321183598389325,1.933340384395944,0.0,0.4115322354916873,0.0,0.8240757062936017,0
16.321183598389325,2.135607941785289,0.3378515687040468,0.4115322354916873,0.0,1.4240757062936018,0
20.483385108971675,1.901695242369736,0.3378515687040468,1.0115322354916874,0.5461179681433668,0.8240757062936017,0
16.321183598389325,1.6762453125029264,0.0,1.0115322354916874,0.5461179681433668,0.8240757062936017,0
24.018233655027217,1.9237130371397317,0.0,0.684251351523208,0.0,0.8240757062936017,0
22.007459908081213,1.867143590117022,0.0,0.4115322354916873,0.5461179681433668,1.4240757062936018,0
21.921028769381984,1.906508374721163,0.0,0.8567875837124466,0.5461179681433668,0.8240757062936017,0
26.264600374488833,1.9423413213969392,0.3378515687040468,0.4115322354916873,0.0,0.8240757062936017,0
23.893294761131152,1.9236448639414752,0.0,0.7012519233672052,0.0,0.8240757062936017,0
16.321183598389325,2.135607941785289,0.3378515687040468,1.0115322354916874,0.0,1.4240757062936018,0
20.940065370720017,1.9064423610549865,0.0,1.0115322354916874,0.5461179681433668,0.8240757062936017,0
23.877344117623156,1.9171909205612094,0.3378515687040468,0.6576711197068568,0.0,0.8240757062936017,0
23.055374327611883,1.8816437550108311,0.3378515687040468,0.4115322354916873,0.0,1.4240757062936018,0
21.94373596465704,1.9050499072342826,0.0,0.8561660778318266,0.5461179681433668,0.8240757062936017,0
16.321183598389325,1.7733448524938995,0.3378515687040468,0.4115322354916873,0.0,1.4240757062936018,0
21.89798225300418,1.8999283860818057,0.3378515687040468,0.8054103016650606,0.5461179681433668,0.8240757062936017,0
16.321183598389325,1.8048368660669831,0.3378515687040468,1.0115322354916874,0.5461179681433668,1.4240757062936018,0
24.09646979519905,1.9290715503459404,0.0,0.6925275090723357,0.0,0.8240757062936017,0
16.321183598389325,1.5356079417852893,0.0,0.4115322354916873,0.5461179681433668,0.8240757062936017,0
20.96159464355311,1.9041991159616218,0.0,1.0115322354916874,0.5461179681433668,0.8240757062936017,0
23.552767840311155,1.8528939678977219,0.3378515687040468,0.4115322354916873,0.5461179681433668,0.8240757062936017,0
16.321183598389325,1.5356079417852893,5.551115123125783e-17,1.0115322354916874,0.5461179681433668,0.8240757062936017,0
23.61875577961966,1.8926056192254812,0.0,0.4115322354916873,0.0,1.4240757062936018,0
26.321183598389325,1.9444236837452138,0.3378515687040468,0.4115322354916873,0.0,0.8240757062936017,0
21.01414233187412,1.9070054086367978,0.0,1.0115322354916874,0.5461179681433668,0.8240757062936017,0
23.938779242913043,1.9272616448593534,0.0,0.709554790206165,0.0,0.8240757062936017,0
23.74894142973033,1.9177419711625792,0.3378515687040468,0.6802589163069696,0.0,0.8240757062936017,0
16.321183598389325,1.8445073568672319,0.0,1.0115322354916874,0.0,1.4240757062936018,0
22.21477817115647,1.9020454659155959,0.0,0.8159452624245999,0.5461179681433668,0.8240757062936017,0
21.829024484702895,1.8572299113667752,0.3378515687040468,0.4115322354916873,0.5461179681433668,1.4240757062936018,0
21.005240185655452,1.9031762392954121,0.0,1.0115322354916874,0.5461179681433668,0.8240757062936017,0
23.936139068478543,1.9209033625665382,0.3378515687040468,0.6682656881556108,0.0,0.8240757062936017,0
26.321183598389325,1.9401735149008728,0.3378515687040468,0.4115322354916873,0.0,0.8240757062936017,0
23.931261648157104,1.9272994394140088,0.0,0.7157840512892963,0.0,0.8240757062936017,0
16.321183598389325,1.5356079417852893,0.3378515687040468,0.4115322354916873,0.0,0.8240757062936017,0
22.085307783691245,1.899762642290681,0.0,0.839358359289608,0.5461179681433668,0.8240757062936017,0
16.321183598389325,1.7607380441426435,0.3378515687040468,1.0115322354916874,0.0,0.8240757062936017,0
26.321183598389325,2.135607941785289,0.0,0.6793204293643013,0.0,0.8240757062936017,0
23.21268788350001,1.8780103442992249,0.3378515687040468,0.4115322354916873,0.0,1.4240757062936018,0
21.042332098292846,1.9033965527382912,0.0,1.0115322354916874,0.5461179681433668,0.8240757062936017,0
16.321183598389325,2.135607941785289,0.3378515687040468,1.0115322354916874,0.0,1.4240757062936018,0
22.024050455387616,1.8939701703868386,0.3378515687040468,0.79045997032857,0.5461179681433668,0.8240757062936017,0
23.948840185857897,1.9263123785299758,0.0,0.715709977559289,0.0,0.8240757062936017,0
22.223796601966686,1.8596278158033774,0.0,0.4115322354916873,0.5461179681433668,1.4240757062936018,0
21.022062931975967,1.900080055875546,0.0,1.0115322354916874,0.5461179681433668,0.8240757062936017,0
23.84502685699257,1.9165102688087972,0.3378515687040468,0.6777414510196793,0.0,0.8240757062936017,0
16.321183598389325,1.5356079417852893,0.0,0.4115322354916873,0.5461179681433668,1.4240757062936018,0
26.321183598389325,1.9338589512492699,0.3378515687040468,0.4115322354916873,0.0,0.8240757062936017,0
23.46601946044442,1.8320327953707043,0.3378515687040468,0.4115322354916873,0.5461179681433668,0.8240757062936017,0
23.728331439828086,1.9225891628854839,0.0,0.7360185511582001,0.0,0.8240757062936017,0
26.209611315452456,2.135607941785289,0.0,0.4115322354916873,0.0,1.4240757062936018,0
22.18390738665974,1.9033533732529258,0.0,0.8381624407128488,0.5461179681433668,0.8240757062936017,0
16.321183598389325,2.135607941785289,0.3378515687040468,0.4115322354916873,0.0,1.4240757062936018,0
16.321183598389325,1.7559950470110477,0.3378515687040468,0.4115322354916873,0.0,1.4240757062936018,0
21.017133506545232,1.8962537925419969,0.0,1.0115322354916874,0.5461179681433668,0.8240757062936017,0
23.72756954405525,1.8495884927839865,0.3378515687040468,0.4115322354916873,0.5461179681433668,0.8240757062936017,0
23.39524490652856,1.9107824774937856,0.3378515687040468,0.7187645677067505,0.0,0.8240757062936017,0
16.321183598389325,1.7284059495056794,0.0,1.0115322354916874,0.0,0.8240757062936017,0
19.273666118244765,1.8945958998960946,0.0,1.0115322354916874,0.5461179681433668,1.4240757062936018,0
26.321183598389325,2.135607941785289,0.0,0.6917360305860759,0.0,0.8240757062936017,0
23.622609486732145,1.9192460633838544,0.0,0.7452536612506382,0.0,0.8240757062936017,0
22.143007213885355,1.8966900771858486,0.3378515687040468,0.7876562551010639,0.5461179681433668,0.8240757062936017,0
23.558160509313712,1.8709864279185313,0.0,0.4115322354916873,0.0,1.4240757062936018,0
24.336158007623325,1.880180698725484,0.0,0.4115322354916873,0.5461179681433668,0.8240757062936017,0
23.42087480071276,1.917780663504978,0.0,0.7656348972445389,0.0,0.8240757062936017,0
21.114288278212367,1.9016766716191909,0.0,1.0115322354916874,0.5461179681433668,0.8240757062936017,0
23.54093998028721,1.9135329599143116,0.3378515687040468,0.7113548464668406,0.0,0.8240757062936017,0
16.321183598389325,1.5356079417852893,0.3378515687040468,0.4115322354916873,0.0,0.8240757062936017,0
20.539568395069146,1.881582301560542,0.3378515687040468,1.0115322354916874,0.5461179681433668,0.8240757062936017,0
23.662795092506002,1.8756957837336061,0.0,0.4115322354916873,0.0,1.4240757062936018,0
26.321183598389325,2.135607941785289,0.0,0.4115322354916873,0.5461179681433668,0.8240757062936017,0
23.827267167576025,1.9272983392012275,0.0,0.7393907192888566,0.0,0.8240757062936017,0
22.27819420552651,1.898778895788108,0.0,0.8240072445477001,0.5461179681433668,0.8240757062936017,0
26.321183598389325,1.926052603186978,0.3378515687040468,0.4115322354916873,0.0,0.8240757062936017,0
16.321183598389325,2.135607941785289,0.3378515687040468,1.0115322354916874,0.0,1.4240757062936018,0
16.321183598389325,1.7477197612581505,0.3378515687040468,1.0115322354916874,0.5461179681433668,1.4240757062936018,0
23.37615903186855,2.135607941785289,0.0,1.0115322354916874,0.5461179681433668,0.8240757062936017,0
23.733960113804354,1.9110548504594698,0.3378515687040468,0.6922807943857572,0.0,0.8240757062936017,0
23.197341285469037,1.8625654168119823,0.3378515687040468,0.4115322354916873,0.0,1.4240757062936018,0
20.88280329498733,1.8799216935743195,0.0,1.0115322354916874,0.5461179681433668,0.8240757062936017,0
24.110294944711075,1.934092316447507,0.0,0.7211438889379237,0.0,0.8240757062936017,0
26.321183598389325,2.135607941785289,0.0,0.7003355474480799,0.0,0.8240757062936017,0
16.321183598389325,1.5356079417852893,0.0,1.0115322354916874,0.5461179681433668,0.8240757062936017,0
21.870599686760773,1.8380639957672822,0.3378515687040468,0.4115322354916873,0.5461179681433668,1.4240757062936018,0
22.353551911130303,1.8971941927763973,0.0,0.8112752265272023,0.5461179681433668,0.8240757062936017,0
16.321183598389325,1.749510749037974,0.3378515687040468,1.0115322354916874,0.0,0.8240757062936017,0
24.239994616686307,1.8643982659533345,0.0,0.4115322354916873,0.5461179681433668,0.8240757062936017,0
23.06247922562366,1.8979988622656236,0.3378515687040468,0.7429904056304849,0.0,0.8240757062936017,0
16.321183598389325,1.5356079417852893,0.0,0.4115322354916873,0.0,1.4240757062936018,0
19.530252333496186,1.9026605447649185,0.0,1.0115322354916874,0.5461179681433668,1.4240757062936018,0
23.35298649682473,1.9115780348580602,0.0,0.7704574085894086,0.0,0.8240757062936017,0
22.277979149937,1.8995532396985315,0.0,0.8309831727846779,0.5461179681433668,0.8240757062936017,0
23.259177890999553,1.9022711510581156,0.3378515687040468,0.7313146989669417,0.0,0.8240757062936017,0
26.321183598389325,1.9258082790431643,0.3378515687040468,0.4115322354916873,0.0,0.8240757062936017,0
16.321183598389325,2.135607941785289,0.3378515687040468,0.4115322354916873,0.0,1.4240757062936018,0
19.819078166641603,1.8419878094607254,0.0,1.0115322354916874,0.0,0.8240757062936017,0
22.433804745651276,1.8998705129780638,0.0,0.8074788422246705,0.5461179681433668,0.8240757062936017,0
23.340374881173332,1.8682622812951746,0.3378515687040468,0.4115322354916873,0.0,1.4240757062936018,0
21.919671943302166,1.8872511875066957,0.3378515687040468,0.8197356878238382,0.5461179681433668,0.8240757062936017,0
26.321183598389325,2.135607941785289,0.0,0.7053449641468159,0.0,0.8240757062936017,0
