n,c,delta_u3,delta_l3,delta_u2,delta_l2,obj_f
20.008638575365087,1.8361898840639257,0.11256767937096858,4.0,0.0,0.0,0.46637162175643454
19.982107073877014,1.9447511111484628,0.0,3.856418410863963,0.13190969622942428,0.11666879031434224,0.3806755857584226
19.972835618036104,2.161273681045205,0.07012640133780684,3.8554811305675143,0.055312617612374826,0.0,0.673798518625084
20.09469855859801,1.984698613352062,0.0,3.882235568339409,0.18338120080110454,0.0,0.3794332070404789
19.898681840077455,1.9393674674267656,0.0798463778330023,4.0,0.06190989173939826,0.0646231504511824,0.37769928815904796
17.875314733959275,1.6486422132820737,0.30738842642243974,3.6813678580255207,0.9596894073713088,1.036638337893118,0.3931908994052232
17.536975475180473,1.583580994195387,0.2605526534294844,3.9010226854364074,0.9787806196655008,0.9487656342307637,0.46893706854473294
17.4542411377354,1.744428664199774,0.4017277071542796,3.8362370567720543,0.9980068106772129,0.9008318263011867,0.34864584026463774
17.65590462828949,1.7197413261630996,0.427592745586668,3.898127001138483,0.6487191210066344,0.8193418115313892,0.3398665660357967
17.483511695684786,1.6137727885032647,0.3429534980991678,4.0,0.737417826630998,1.0125342471737064,0.39951961852843293
21.068753132646954,1.785375187287423,0.06226452846979766,0.799465585195579,0.35280195511229495,1.2430777915735904,0.3233026348564333
21.268874837552058,1.7662551728856042,0.1665479508926199,0.682836586759445,0.054765019642678464,0.9540826241930797,0.26814550246912777
21.183265755489085,1.910182053393354,0.05921542911463161,0.8151050386018526,0.1820300711928866,1.147856659955109,0.28710528784984446
21.415022157484426,1.7892059608272535,0.10636785433765854,0.6122433443316896,0.19165989115860596,1.0668150221938524,0.26883083404487007
21.14180765155097,1.9086538139031266,0.0,0.7134063533008405,0.3182299669792531,1.1910553826980934,0.3038706038521193
42.451915848292415,2.728140448827547,1.6138884487080714,1.918758544630462,1.1194456915553843,0.04560049514993891,1.4458537984211912
32.789434648939555,1.6040089394256698,1.0664996196634164,0.5103730245870843,1.655481339720041,1.2242997514190284,1.5004157509315088
54.77598140959321,2.5191378386914445,1.857052350114658,0.08591525475128914,1.0206518341514683,0.9555045107059075,1.2993625163818712
27.04495636981802,1.8481437549577309,0.7038598860459322,1.3560231083435923,1.578106559214293,0.34878343564609704,0.8647997791754001
41.93317125909181,2.296227418866219,1.8591979440143427,0.5766371356209374,0.9864897494892348,1.1449791515775603,1.5784722625536367
38.663492816313315,1.5143624718765112,1.127724806942628,0.053711553852855864,1.447356673149388,1.3632216966748114,1.5721988538448959
23.893897422740302,2.4672062570133226,0.37194883975141835,1.2987852342154813,1.2288549896763319,0.9183540732123041,1.5749007339569814
20.536724486532155,1.1161619078142635,0.3125826439219501,0.21897465140163042,0.8976127675444352,0.1459226823202715,0.7859181177250653
32.39571603022503,2.0192771454554217,1.7450634982969964,1.58129761320099,0.8987078820662642,1.9253877043449954,1.651048842934991
21.94033890914015,1.2798567974784323,0.22803838266910192,0.7096038382751979,1.3579713218298741,0.7502273061511404,1.385063406161441
39.708604196387824,2.1943157107162254,1.1750389851116811,0.977951030688549,1.061512803872139,1.6080675567683096,1.9778840248323235
92.44263748964093,3.3256395763427498,0.8581977429385137,0.08595025129379774,0.5580196068282528,0.38800008898588745,1.6921809445004876
49.21718860404355,1.3074179485981978,0.9167525823230251,0.14355418612153747,0.5662701527750222,0.3097288228576718,1.5214029657966948
19.571726836151754,1.8315265824142348,1.446862736754573,1.903084386300565,1.5861588653900425,1.833913171723569,0.41176032586652594
28.571569225561973,1.4778050254367243,1.2248786585063631,1.1895250069502075,0.9570249218827678,1.750483618423952,1.767323195651725
2.0,2.6861233238076947,3.2477797496565657,3.1822398683240736,1.9300004956803034,0.8018423920837696,2.0
8.294191518918728,1.0925630707733178,1.584550018010775,4.0,0.12842122186031418,4.0,2.0
2.0,1.8319779107826142,2.9600766462346413,0.9537446413436774,0.0,0.0,2.0
154.14925231202352,-1.1643920582147107,0.6952271282516461,4.0,4.0,4.0,2.0
22.30419807074546,-1.1643920582147107,3.4621600396143317,0.0,0.0,0.0,2.0
154.14925231202352,4.835607941785289,3.9719324203786432,4.0,4.0,4.0,2.0
154.14925231202352,1.5554192063180559,3.910351106690271,0.0,0.0,0.0,2.0
2.0,4.835607941785289,3.920529828916748,0.0,0.0,4.0,2.0
89.92712502684637,-1.1643920582147107,3.963782091494846,0.0,0.0,0.0,2.0
72.36018181206059,4.835607941785289,3.3466994353412622,4.0,4.0,4.0,1.8497131068853954
104.41867175216267,0.6475757010433999,3.886284880020777,4.0,4.0,4.0,2.0
154.14925231202352,3.1138414996781045,0.08216722809174581,4.0,4.0,4.0,2.0
17.883783093156087,0.28445014334508245,3.9919227563086235,0.0,0.0,0.0,2.0
154.14925231202352,0.10026835988264166,0.011013294865377244,0.0,0.0,0.0,2.0
113.0748839930685,4.835607941785289,0.026505938104904748,0.0,0.0,0.0,2.0
103.07622547695838,2.0053201108105148,3.732195038364473,0.0,0.0,0.0,2.0
38.99115365257386,3.9686490651536213,3.955650966691456,0.0,0.0,0.0,2.0
2.0,-1.1643920582147107,1.1161102434063463,4.0,4.0,4.0,2.0
64.92347734622507,-0.2596384943855997,0.003461923128635288,4.0,4.0,4.0,2.0
2.0,3.7653538416721037,3.8471145321322897,4.0,4.0,4.0,2.0
154.14925231202352,3.929586867662789,3.933106762445212,0.0,0.0,0.0,2.0
34.81590058705796,4.835607941785289,0.6513043109584205,4.0,4.0,0.0,2.0
115.59271164824837,-1.1643920582147107,3.8275842961193107,4.0,4.0,4.0,2.0
15.027019802067432,1.8515975975913372,3.1548994382298834,4.0,0.0,4.0,1.505397103863588
154.14925231202352,0.9196517889281954,0.23574878692479376,4.0,4.0,4.0,2.0
108.27041162830531,2.8547036261286083,3.8785952542047233,4.0,4.0,4.0,2.0
54.93187036439118,-1.1643920582147107,1.0927242884908923,0.0,4.0,4.0,2.0
154.14925231202352,-1.1643920582147107,3.413811792014194,0.0,0.0,0.0,2.0
2.0,0.8773730112584821,2.3341222582667367,0.0,0.0,0.0,2.0
80.01195653244986,0.4129770445541466,3.9480223269270254,0.0,0.0,0.0,2.0
66.79200123017876,3.5622309756741237,3.9638626322393593,0.0,4.0,4.0,1.7578445960252342
20.966172700573672,1.8457269303315829,3.309996089859127,0.0,0.0,0.0,2.0
2.0,-1.1643920582147107,0.16634174371484134,4.0,0.0,1.1720811809157097,2.0
2.0,1.7108906904851733,0.0024623596557601666,2.0146497601689815,2.0512718335721187,2.7230547860678627,2.0
2.0,-1.1643920582147107,0.6342912114540081,4.0,0.5196352016019127,0.12813995727899863,2.0
154.14925231202352,-1.1643920582147107,0.015849657421831406,0.0,3.037479062645431,0.0,2.0
154.14925231202352,4.835607941785289,0.0755123316001234,0.0,2.8533394592224632,4.0,2.0
154.14925231202352,4.835607941785289,3.9686388594129802,4.0,1.4456827910512366,4.0,2.0
154.14925231202352,4.835607941785289,0.12336631612605048,4.0,0.22263589204980092,0.3868805577873851,2.0
2.0,4.835607941785289,0.12196680812335689,0.0,0.0,1.5370969185363208,2.0
154.14925231202352,4.835607941785289,0.00942573783243173,0.0,4.0,1.7478025019380798,2.0
2.0,4.835607941785289,0.4466387049639866,2.704195333444105,0.5857929230545443,1.0408930551332782,2.0
154.14925231202352,-1.1643920582147107,0.25248549909146817,0.0,1.281093682443627,4.0,2.0
154.14925231202352,4.835607941785289,0.01013236934064399,4.0,3.0494675120895645,1.9339729435179556,2.0
154.14925231202352,4.835607941785289,3.978079647974618,3.5682127203265304,1.2951370797661679,0.9087693460614882,2.0
2.0,-1.1643920582147107,0.14987226154538386,4.0,2.7592661392093474,4.0,2.0
2.0,-1.1643920582147107,3.982833394678173,0.0,4.0,0.0,2.0
154.14925231202352,-1.1643920582147107,0.029457390314103302,0.0,1.9776661448877446,0.0,2.0
2.0,-1.1643920582147107,3.895093089841336,4.0,2.892232606273744,0.0,2.0
2.0,4.835607941785289,0.029054590516129228,3.348668166915192,1.1575376698455095,0.7893737015879332,2.0
2.0,4.835607941785289,0.0022376473672736526,0.0,3.463828156231094,4.0,2.0
2.0,4.835607941785289,3.9610530188862847,0.0,2.4655961578709245,0.0,2.0
154.14925231202352,4.835607941785289,0.025239487600092755,4.0,3.4972959386626403,0.0,2.0
2.0,-1.1643920582147107,0.05258064003826058,0.0,0.3977961183098008,4.0,2.0
154.14925231202352,-1.1643920582147107,3.988253723972539,3.4186848551643707,0.9478055305548749,0.0,2.0
2.0,4.835607941785289,0.06707104058254644,4.0,0.6933626564549683,4.0,2.0
154.14925231202352,4.835607941785289,3.9995459604852557,4.0,2.3212093828559284,4.0,2.0
154.14925231202352,-1.1643920582147107,0.004904287230049874,4.0,1.6521642183341345,0.0,2.0
2.0,-1.1643920582147107,3.8146663559483107,1.9247632928552663,1.6497008985049313,4.0,2.0
2.0,-1.1643920582147107,0.04289171911716045,4.0,3.420541700615126,4.0,2.0
154.14925231202352,-1.1643920582147107,3.970878162413488,0.0,2.296615057480387,4.0,2.0
60.54422666516752,-1.1643920582147107,0.0,0.803856186147968,0.09824687060103825,1.2997718273758272,2.0
51.395617153951754,4.70667787808116,0.005307807471952467,3.9465759275080328,0.645875752293416,0.42812449359907023,2.0
154.14925231202352,0.6047959234653004,3.9300306516868027,2.2623474329839524,1.7975721993601887,4.0,2.0
154.14925231202352,3.091063441104286,3.5838842692714934,1.8346457253778972,2.0355460603249016,0.0,2.0
154.14925231202352,-0.6643977069927082,0.05960173594724218,1.1453296462419733,3.288885700837118,4.0,2.0
52.9376661616234,4.77560674227457,3.9911030435110875,2.951894242480346,3.659347387413896,4.0,2.0
154.14925231202352,4.01352874815048,0.0025990296586665285,2.6389224124969366,2.070015796738312,1.6443610960245736,2.0
48.1135253923768,-0.5381402079166893,3.8530538783685366,4.0,0.9067196850103815,1.7346737966679457,2.0
154.14925231202352,1.409899553980967,0.012597373479509484,0.9432922454480909,2.5962508520780028,0.0,2.0
2.0,-0.9515209466970763,3.9744965097931373,0.9772254157167896,3.9616189286413266,4.0,2.0
154.14925231202352,-0.7246863039878841,3.9862478708987443,3.1355139485846966,0.19164376944287673,4.0,2.0
89.81702922824992,2.676909222840293,3.9894757207272566,2.6995073730544155,0.4399390624192309,0.0,2.0
2.0,2.3429049008394,1.1520391476461718,0.7222712597689732,3.353265590338733,1.1273943962382622,2.0
154.14925231202352,2.972788288291559,3.9968732068848096,1.557054525201032,3.738699592814267,2.1210092891417953,2.0
83.52156577127275,0.9990233410096485,0.020822283749830743,1.697479649517618,3.630314978396605,4.0,2.0
68.4270736941074,2.7031715480666882,3.966035700120449,2.259216402150137,3.973766506780669,1.9880962844671013,2.0
2.0,3.7535558858731575,3.647801547378009,1.9312348040307417,3.9998289895379027,1.0586755642946828,2.0
2.0,1.9525654584331744,3.9626197142882935,3.2510859659857982,0.12379404923164739,2.9885764433367967,2.0
89.90720921993953,2.2279644131814798,3.946063381832466,0.721872525892883,3.409271728589391,4.0,2.0
83.10225198866064,-0.3985511370398331,0.04223869449895764,1.4144457378886275,1.0391154591809297,0.0,2.0
154.14925231202352,1.1399807740507575,3.952882113301067,0.7378869431529447,1.41521554885969,2.1530998740892366,2.0
87.34000102115998,1.2368219980033703,0.024430197574572772,3.22840465560471,0.34844334941754357,1.9787700023875814,2.0
2.0,0.2353046786419064,0.09562060062972147,1.4886040995202563,1.0329467084391355,0.0,2.0
154.14925231202352,2.014695516425199,0.030076969919013978,2.6045110890595504,1.2552593638448284,0.0,2.0
88.90504037951213,-1.0684715947693952,3.9811744802611666,0.0,3.5650020634340396,2.310583386883729,2.0
2.0,0.9914474890609427,0.02135384642898834,2.627711582722848,0.4518984986250745,4.0,2.0
20.63545599820521,1.8801569319847673,0.2613514153592725,3.919860392313134,1.5171508784133918,0.2801567876944194,0.4546023926927407
154.14925231202352,3.0424150025037027,3.90532579539523,3.2273511377834665,2.882379991847591,2.6494329724427583,2.0
2.0,3.142642290940534,3.737022559353875,2.5114653411602497,3.9980797538319544,0.0,2.0
2.0,0.9967135024411317,3.938526216740094,0.0,1.1140088239297914,2.770370381159973,2.0
2.0,4.044028321936989,3.91867862630315,4.0,1.638841726123622,2.8217910614359467,2.0
35.53937100691467,1.3845711835747911,0.08460818537981882,3.7090507804687642,2.9807871356613913,0.9254277613420266,2.0
91.24995631312059,4.55125110196771,0.06565313695966668,2.4466560932495565,2.15752398678614,4.0,2.0
2.0,1.6480803467000282,0.23853820509875537,1.1092794540350137,3.6442563718987575,2.7266503767743084,2.0
154.14925231202352,2.2441402201506095,0.007257772074654468,2.193120849474548,1.7096335971467744,2.6669022778248053,2.0
2.0,3.514509172732176,3.841754064929334,2.6491395832540423,0.4578191125919531,2.2476876917108566,2.0
100.5353844138246,3.0137393353988418,0.03685307105887234,1.751072003002093,2.483829048624504,1.2540889222074934,2.0
97.01680260759646,0.6138445188441265,3.8558611060322923,4.0,1.0251827639167836,2.6486023574796826,2.0
94.00522527826803,3.0507870370202634,0.0014267971620355194,1.2187554407407593,1.7194092545857886,2.770654475848199,2.0
2.0,0.530475127112915,3.0151606747407196,3.4012023759915317,0.30442361661108935,4.0,2.0
93.15847536106514,-1.0016319982424113,3.8675140226608513,0.6969124632954717,1.0514295633806963,0.0,2.0
101.80088321549268,0.5402685827114194,0.21176534971077074,4.0,1.4126089645787854,0.8379011959608713,2.0
2.0,0.7153939032162254,3.9993639311257785,3.400707752305064,0.10760022100076325,1.7915537094821963,2.0
94.51581038014024,1.322806559003439,3.9747499621439895,3.3389969919242533,2.374960819224666,4.0,2.0
154.14925231202352,0.9494232972770507,3.9850496741169223,0.0,2.7810515337076844,2.886648140962197,2.0
154.14925231202352,2.6209395078729276,0.016233909163433823,1.1747697179184327,0.27257102924051835,1.1208444101721944,2.0
154.14925231202352,0.2323348815580819,3.7553484722105517,1.703358146982898,1.068230266014996,4.0,2.0
154.14925231202352,-0.5916436634376571,3.9640714585493138,0.5812091034741459,0.6045555279654177,4.0,2.0
91.17229294311521,1.289747255417379,0.08767521313797794,2.088498645710829,0.3800483326158389,0.0,2.0
2.0,2.943036352026373,1.689310393632351,1.778262473207738,1.7324962188772948,1.9257862473953944,2.0
32.368134283755026,-0.2568102314636138,0.000642009320636423,2.038643169525587,3.4300553057017256,1.698578879907467,2.0
93.64753397099388,-0.1435565591318941,3.972018629319334,2.663622017639605,0.577537244790511,2.685142223821974,2.0
18.958696995770467,2.765500052417359,0.9250896695165879,3.9267633402935966,1.0959913867410958,0.08442725005492666,2.0
33.41007423680559,3.4356157898707713,0.17084614825055447,3.8955511896350496,3.4894300946114853,0.5312904655876155,2.0
15.72956617955752,2.5058226504007237,0.7211236170774782,3.8648965169653033,0.0036191773289499696,1.808596421622468,2.0
4.712150550164926,1.3418159163373824,1.995388532243229,0.7802533002038903,0.3380932913552712,0.4563682240371562,2.0
98.26971727108571,0.7572263510677826,1.7017159087570377,0.366068910342662,0.7144500089805517,3.457327304270568,2.0
121.32892116872826,1.744881186137857,2.546402447610018,2.828814866740717,3.6771283760745677,2.3668589061719336,2.0
12.55451178131999,3.343419675920334,0.7966952383955563,2.3549834301590558,2.9529583332831724,0.40039295765750094,2.0
39.56550002117858,-1.1035135612951783,0.7386577123550904,3.045291315376063,2.0023480639013513,3.670978381566842,2.0
4.444366611488567,4.768439863760021,2.811728980985256,3.4904388763233385,0.8368931099806325,3.734780329826255,2.0
151.86207036167582,4.072899560038181,0.8508112704549422,0.28837376532622283,2.1958250569357194,2.6985123923280536,2.0
150.2647190054141,1.0715566784945318,0.9294175281539908,0.4415377997944271,3.273053202684218,0.9295596038352237,2.0
5.249245285325843,-1.0678721442553245,0.5822506551659627,0.8755593836744661,1.6699708738815264,2.0720689047043246,2.0
152.54580357370688,1.4632574293715885,3.150612395791182,3.7778990966797408,2.766271960820153,3.3121818521873525,2.0
152.1018681849923,1.1286165247875442,0.3826195048069584,1.044833948435818,2.22858303744497,2.687503787759472,2.0
153.20559020998087,0.492424969683662,2.8549269845345884,2.7640026568946903,3.6135431764026826,3.4430529436267516,2.0
7.860620191314942,-0.30400941724701314,3.1729062042101597,2.8882406253498667,0.04317302011787831,1.1833960584932752,2.0
4.482211899894858,-1.0337964852821657,0.27686694125271744,3.6232678876493103,3.7824989932325455,2.8463252386561644,2.0
151.80471369392103,2.4337154977602538,1.5705828880432444,1.6367557076405013,3.2180394054007513,0.8856502461565379,2.0
2.6394820367841345,0.5368601052363005,2.6194774652566704,2.144543891615974,1.8284627156226954,1.367487604226854,2.0
154.14925231202352,1.4628630249026324,1.150110632438728,1.9730935226103719,0.9049580714784895,0.0,2.0
4.2211906009076445,1.7413051831724315,1.56288376925873,2.564172718436512,2.7941226438089153,2.656572014013278,2.0
152.9211289621982,3.4087013662462997,1.5914906932516488,2.999341798912126,2.4240437593065405,1.0317630731486334,2.0
152.5843899785546,4.434874808486228,1.233544569854003,0.6452295527792399,0.7107865128852371,3.253724100745585,2.0
2.259173307204459,0.9901340533031844,3.6504856858396497,3.0969401213021532,3.013890319714652,0.10814315992591218,2.0
152.15414727640754,4.728444824467259,3.4500958135436233,2.395780491329805,3.9035446721192635,3.6915434539871623,2.0
152.62838048286517,2.649538163125468,2.3490594477960394,2.3147651318880413,2.5976108256661714,2.6292979279979374,2.0
152.61853505479894,4.121965735941853,3.3125129522796106,3.289376706469683,3.525850045409597,3.3397962012586158,2.0
154.14925231202352,4.693602277004772,0.637066231336249,0.18561828000429376,2.4284565969304825,4.0,2.0
2.425056901627271,1.9515850310871299,1.8969481890227518,0.32256689821024803,1.4422285594509439,1.8330696891178895,2.0
2.3825492437776896,2.329265261829013,3.6054662275597846,0.4085503588602221,3.716676395726956,2.251224946904941,2.0
154.03554205855056,3.2466192767412743,0.5431745293574668,1.2643084309924262,1.2523002506790135,3.5455702525642696,2.0
154.14925231202352,1.3255222482750324,2.367780647382161,1.4584568875181299,3.166392624973204,4.0,2.0
154.14925231202352,1.7388835771488123,3.244963875783595,3.6555452540838185,3.6506165916183937,0.0,2.0
2.0,0.3297829066979987,1.729188711002725,1.8641403750338466,0.9082859604933171,4.0,2.0
154.09139728977615,2.159656702171646,1.5335170015346467,3.520661467877987,3.9000066967054234,0.2057663555011239,2.0
154.14925231202352,1.5437205911507186,1.6225534965849346,0.8450765103106584,3.484259793234223,4.0,2.0
2.0,4.478162921830811,0.35113744662471186,2.792041992524742,2.280048903954693,0.0,2.0
2.0,3.3055823357189587,3.990731023190171,0.25959037032426924,1.547505593447787,4.0,2.0
153.0462307833036,3.0554531054522105,0.4211344453291871,3.463346770534047,1.6270304637202688,2.160829072995155,2.0
154.14925231202352,4.319526652245571,3.8691410593953592,2.5362045435945926,3.5265930457321932,4.0,2.0
2.0,-0.3435712789450429,0.2655179653120303,0.4676614823194058,3.9033083080922317,4.0,2.0
154.14925231202352,0.03466756987889319,3.9943230953148268,1.3293891159209847,3.078743249538727,4.0,2.0
2.0,3.218395271991251,2.5737800707563467,2.217392729929692,0.598007460753788,0.0,2.0
154.14925231202352,3.8856709229601307,3.084006637888931,3.82299198588219,0.09368204470581933,4.0,2.0
2.0,3.657508557852858,0.8507873538548983,3.753522813171039,0.16238484032287068,0.0,2.0
154.14925231202352,2.4278749847665986,2.305254153995285,1.512236041450185,2.009183861077769,4.0,2.0
154.14925231202352,-0.12621380890777845,1.511268543159314,2.9154829904695436,2.580998392895806,0.0,2.0
2.0,4.740093918424867,0.4393677063152948,3.5446197892371765,1.93695270768223,4.0,2.0
154.14925231202352,0.8341833807640242,3.7689467194845605,0.900309901795445,3.080047378784055,4.0,2.0
154.14925231202352,4.076022546546026,2.422234342282597,2.487916054987855,1.6417252212964928,4.0,2.0
2.0,-1.1420971925820025,3.1959501113715993,1.0223517713441228,3.2814562955984083,0.0,2.0
154.14925231202352,2.8094023881729107,2.255283417129288,1.0883280553081527,0.5024422997211537,0.0,2.0
2.0,-0.1291840900907158,3.754893355817623,1.6599424778243734,0.5220084602435704,0.0,2.0
154.14925231202352,-0.342640589583477,0.6580952021861147,1.885178219983097,0.5608064327925923,0.0,2.0
154.14925231202352,3.0280652334442113,0.5562011880703958,0.537569554567529,3.490121336411681,4.0,2.0
154.14925231202352,2.6528361927604,0.37453579120957897,3.0792702029839445,0.08365054138395031,4.0,2.0
2.0,3.8639271859491515,0.7149285223898363,3.801129964210279,2.6761513230092495,0.0,2.0
2.0,-0.16626174212394895,0.23557952318979553,1.5349219369103568,3.785335973081251,0.0,2.0
154.14925231202352,0.3645643314382112,0.957280792205393,0.23691946749595214,1.5100819053211536,4.0,2.0
154.14925231202352,2.6765611891553465,3.033544202810014,1.3772998922850501,3.1432960717901333,4.0,2.0
154.14925231202352,2.531782251616226,3.837076133532423,2.1280004965729216,0.23255924317274398,4.0,2.0
2.0,1.743387395381328,0.00816813251102202,2.4107104478781776,3.9518676747974872,0.0,2.0
2.0,-0.7826843118616504,0.22207654705021762,2.299099253338811,1.5254015481761105,0.0,2.0
2.0,-0.2576689320063137,3.2869869155041447,2.7463666526223887,2.8447313397850156,0.0,2.0
154.14925231202352,1.6030587547691968,1.3812649227188762,2.869753294906652,2.7545468985776287,4.0,2.0
2.0,1.149365719561505,0.01886809481318566,3.4450763349815587,0.224746496508902,0.0,2.0
2.0,0.7871584837705092,1.2047543194728656,3.301207067885368,0.9449989820790483,0.0,2.0
2.0,4.331166454933632,0.5747088456575651,1.819679626050262,1.9352199328760946,4.0,2.0
2.0,0.7314920836482814,3.4240305860210705,1.0658460512461971,3.3175283271472464,4.0,2.0
2.0,0.4909673976183416,1.6681062650362275,3.8959773102482456,3.594519159425682,3.0945682567014487,2.0
154.14925231202352,0.49801092608919806,2.9623393231253323,3.3763233928192213,2.084448014008363,0.0,2.0
2.0,3.8141984181129036,0.0383305624968782,1.6172542072414564,0.09068210338782401,4.0,2.0
154.14925231202352,-0.5417115337573652,3.236512566792165,3.735851248442333,0.6160323195984468,4.0,2.0
153.7711388461416,1.3609135354567683,0.26646376470707234,3.60476770110497,1.8976976120350741,3.4893884089376326,2.0
154.14925231202352,-0.03006044876682791,3.6046009106914365,0.48462646639371615,1.779912174352973,0.0,2.0
154.14925231202352,4.137182808940188,0.7626637563761722,1.7955931402705239,3.7607226037050148,4.0,2.0
154.14925231202352,2.071572253924281,3.5978218586537785,1.0044892892831598,3.09067848988217,4.0,2.0
154.14925231202352,1.822949903787166,2.0527000968217424,0.11794542023219076,0.5153492192938218,4.0,2.0
2.0,-0.6847994015009372,3.368128434873949,1.2509555009304791,1.1837502164846387,0.0,2.0
2.0,0.5220899164064119,2.394982373086637,0.9156987578888458,1.553942227414491,0.0,2.0
2.0,-0.14589070106956736,0.13213489488193483,3.143569699356407,3.1838852485481497,0.0,2.0
2.0,2.3125747681021616,3.733090272487286,2.9882926963599186,3.9128983759707374,4.0,2.0
2.0,1.291774426169276,0.24942585720508645,3.5848394070603113,3.697052623941107,0.0,2.0
84.85233553041526,3.4569843244623595,0.3738635214962658,1.986304991055941,0.6843665061113811,1.5672925893888978,2.0
73.81241694743778,1.9352548408566475,0.3138280513472118,0.9913436657464132,2.046055722811147,1.8045009346128857,2.0
94.74257790390791,-0.7222413872149414,2.6163948504779464,0.2604592166367681,3.6055470464552632,0.4062078358916823,2.0
152.5884647369547,2.7926929380233023,3.3182932600375663,2.7499044805079125,0.3297802023293652,1.5003795676365792,2.0
70.4187637157391,0.29816929549923543,0.18648686986181406,2.380240278810801,1.0841676538057587,3.2336395571701324,2.0
41.41721258397247,-0.8270601554326591,2.077380066007053,1.1383254296995693,2.3777845607892854,1.00609572362786,2.0
52.301168263261246,-0.8210413053110108,0.23022001875789755,3.974405937763584,1.319502865504945,3.089372272275165,2.0
76.39518252830287,0.727155188760134,0.1751705094263496,2.6250859736092496,3.2394269864500753,0.5109849178016894,2.0
62.197060860470174,0.03732187999152803,1.9606701245607159,3.3478921780999906,0.08997338361177132,3.163027742292673,2.0
57.59786915964901,-0.5265087217960804,3.4835679133588844,3.133397168050326,2.07163222773746,1.4834463629001169,2.0
99.98073949643033,-0.7539346967620602,3.8624446119707185,2.4852292168722245,0.41244922898403313,2.461805254008885,2.0
97.94279319795017,-0.9396164197168178,0.7682591508825007,1.093302269067486,0.4083425223903392,0.4940983948339417,2.0
9.013728053096166,3.223796171046125,0.7742215040324769,0.35714726815893627,1.0274675836843716,3.7349371246077876,2.0
71.87590305753488,4.694744494812269,3.2615023011388447,2.560552701230093,3.2486868934888626,1.4055131162110568,1.7816986010007019
14.6145191359076,1.066937589197773,1.877063023713995,1.019104996209542,0.3589871981546411,2.949693168228009,1.8047080176413393
99.22587338207211,-0.9113926179218765,2.8492559540307134,0.030472991959278772,2.750748619392339,0.28970663997585255,2.0
121.69293954859019,3.288969385459234,1.242920365552438,3.439268552575099,0.11638533957113939,1.100489601361737,2.0
108.47525784214132,4.119900916718623,2.908588116439942,1.1134294556796736,1.126451694682343,1.259717485960766,2.0
111.49813838556788,3.7926671199316484,0.7964209402963229,2.630535120830624,0.5507625738289681,2.4192572244096633,2.0
123.37326117203581,-0.24049918146446458,3.7531795099023393,3.944104105904991,0.9067707772380906,2.2444386113670705,2.0
51.64055409527541,0.31931546561860147,2.4053324931111044,2.1315123333596384,0.9397945780053965,2.249044332396613,2.0
89.49777690926733,4.218025293258595,1.4666449006769602,0.22316394582328414,2.2981648367458156,1.2928984989421597,2.0
80.27309441542536,4.237369368542818,3.32461815619968,2.9902377733327654,0.6301851729909602,0.8026782300430542,2.0
116.92510326927005,3.8620845973963993,3.345517766692452,3.3541237997804982,2.11430310648974,0.9988616118859115,2.0
40.31045573222555,0.9602554370276781,3.5622997518267345,0.20188307003364514,3.8817414633045706,0.583895361778902,2.0
24.1010838634033,2.0177397403398607,2.950939101069478,1.5664503767305415,2.790474095074603,0.817495270008747,0.6662076213475874
111.44515886244896,-0.38337140550540605,0.36842880200940353,0.6241461440886704,1.3994059823506904,2.7577741842580528,2.0
46.99510829583297,1.4489054893776676,3.781976504937983,3.698865813751725,2.047957207926669,2.1873590704490384,2.0
74.81147632021556,2.151557461860935,3.0610777064540304,2.7647632409550864,0.23963143411657128,1.419535802152498,2.0
39.628227151875066,3.0152527205556368,3.3414405749065184,0.6848283550994667,0.09385190103493013,1.6691488625989175,1.2892166838449115
118.37472313737062,0.8937611148095268,1.9041818816612635,1.05922019842654,0.5203360367956407,2.7993342381858755,2.0
118.49410085463019,3.221429592662213,3.7696977517972536,1.5222178048581778,0.17584420390639544,2.8505500812745517,2.0
137.8282919511405,3.42621795892474,0.28649661948865646,3.0170596398309897,1.9556539029399458,1.5773667208726376,2.0
109.98098750922237,0.6268041203093295,2.4105978760861406,0.6513654033262446,1.0862873805236095,1.386455533561949,2.0
22.38461875805009,4.650509096175027,1.8446668718982,2.7438803953594277,2.268977725880508,3.242092731266996,2.0
44.66136475721465,-0.007695164051312098,2.4955038462509576,2.503521633474148,3.5513349366317017,0.7683481344089245,2.0
147.32648265269034,-1.0436518041914113,3.0995573073504596,0.6366480439709941,0.8311884567220353,3.7695290981227974,2.0
37.231793309261484,4.117343785253669,1.1800529145113785,0.2969593594168538,0.15311636056624245,1.4208593237942813,2.0
122.35873944777381,0.5412680553922016,3.6218884219809127,1.8274607175743673,2.440212948230232,2.8939698076236473,2.0
153.12398722500652,0.16317766996324456,3.7901450095425675,1.536156908799164,3.8858915159216423,0.7595117947066221,2.0
22.26563130304161,-0.9902374347067564,1.815735965623519,1.304343159272137,2.62443256382511,1.418975156509802,2.0
79.94523696629442,3.7553025837570253,2.427828515839356,3.378382972877919,0.4284096230010839,2.6667637707418965,2.0
128.14055512338456,4.737824442123209,3.6912500770455265,0.5120879296543075,3.505345857638223,0.1774926463136861,2.0
98.66018005736058,4.575260670334943,1.571454275409585,0.8170348375473431,0.7254637198321134,1.6435231158061292,2.0
147.85673639588373,3.488253962860135,2.860268972437936,0.7156632070761413,3.840859088764211,1.364238780787585,2.0
70.28663488415643,-0.8576688091885569,3.0777278327582342,2.4839492902034,2.71580470007643,0.4891464280112876,2.0
100.2843882945713,0.5440427817003433,3.634521937387059,3.2409330793294533,3.529920512738408,1.1730454332769176,2.0
82.24014308779685,-0.8376865568544307,0.9334159957775494,1.0676670589046529,3.537637166837352,3.0167003745536,2.0
28.389599748750374,4.640309416456507,3.264944411197951,2.393339838062392,1.8527113876272416,0.00996498985236105,2.0
60.19162103670947,1.4300008946612963,0.5413567139858948,1.3445672353307652,2.8045160365925,3.352180951981408,2.0
7.5955150928381325,4.776013909135702,0.13718867554276137,0.4970359326717615,2.138700339123499,3.3909501713862547,2.0
129.00508883884578,-1.0215600163285035,1.8705943440427886,0.8188275794580759,1.1246060497532415,2.4064837848326315,2.0
90.10066520573605,3.665625801084504,2.6175872148096113,3.9820200705869864,1.7162587985263151,0.3606322063035545,2.0
153.806711135851,4.474576735516935,2.02059844299066,1.394893481177884,3.396976517114944,3.012987254726707,2.0
9.817639995627543,3.429437297096489,3.4988191818929844,0.2956679652337,0.9746508043421391,2.5408631505553183,2.0
121.26200379867728,2.4410774921691134,2.0592236442568153,2.6466871853920306,2.6276873162799292,3.2840329707722242,2.0
130.0856390006432,1.348384558303568,1.8309326440920257,0.7807547271071567,2.738181936473077,2.170792106711847,2.0
58.26643231363891,0.4446111687287977,1.9203256388399126,2.4955619885976468,3.1281373920003963,1.2890779914724098,2.0
77.14469395144597,0.4108608559691982,0.5754852165246502,3.62613574195327,0.9778575427099598,1.8098147034161176,2.0
61.8196302086337,1.5810531409623145,3.5262007578568104,0.25093234988652213,0.7620511668895826,3.2844338834241498,2.0
68.79466079815397,0.1910892165448037,0.2831566388614384,2.930969492708334,2.3529376167852964,2.284834495361453,2.0
147.3396334433872,-0.3558210865777771,1.9648627490906883,0.6980493103140182,1.8796186961566415,3.806145247824775,2.0
141.1098231221718,3.8604853485632677,0.3481116127418824,1.4388929658195346,2.037727129667206,3.1159127714432984,2.0
43.05953042643039,0.9162280608295412,0.6268512648965121,3.8387170313646806,1.8220587610706245,2.489896245906074,2.0
124.26314766290291,3.5116520493148773,1.3682166423203412,3.1935678980657247,1.8374190103731172,3.1028608395844017,2.0
94.1393739761063,3.317303939038709,1.0014861267929804,3.3255339566214595,3.00189822251476,0.6214242890027801,2.0
89.9519207589065,-0.20032668637003548,1.0821310649071423,1.3352573188539578,1.3346246772816297,1.0521420336778124,2.0
152.38449688091222,4.287620099272749,3.0872201754232638,0.5797587086378595,0.46881301924759544,1.7077808915002999,2.0
5.094522492231779,0.7897503631067315,2.9169822344124956,0.3657478538332537,3.044750498486012,0.1274792966011642,2.0
69.58300223298004,0.9742842656025159,3.518350289413612,2.518870038316983,0.7583728777170045,3.512299792298629,2.0
48.20457942498748,4.646027235091146,3.7016237891155592,3.655344774385492,1.0536488881519315,1.1116393643312934,2.0
23.764484020219506,2.65194809902382,2.602600941335993,0.36953889359551884,0.6817154845549727,3.1920940918348872,2.0
81.17349567237396,2.1176343010118717,0.2845642509735846,2.939089199282013,1.2460884018357037,2.7155457847249345,2.0
143.03864013291636,3.1737452909777844,3.1935038296375664,3.913960234391542,2.3014538144680357,2.185421669509208,2.0
123.86225974639478,4.124798402636177,2.2982696133140132,0.37128528201616184,0.15346654950617555,0.6694584838263413,2.0
76.74713254780043,0.9197837941538864,1.117112026537753,0.001718389835617451,0.007585447074434093,3.214754543728751,2.0
61.92436458966141,-0.25063694779893053,3.6820331784969555,0.3848695679414771,1.711420886078848,1.4587739357082175,2.0
143.07033156047802,1.3703738461924062,2.1102962689966747,1.998486803742428,3.884173748318105,2.678790357090164,2.0
15.54601924765822,1.4947637071895605,1.6557645503393017,1.8560709210476078,1.0111178369719784,2.327011559807908,0.3419035808705347
131.58316277027302,2.0291333700804968,0.9980405585343499,2.5522895683332782,0.1040213418425191,3.537277275373289,2.0
124.40763599890948,-0.7249048912750449,2.181964159368632,0.16497604993947057,2.678183768590789,0.13482679555446797,2.0
4.852164068757467,1.974600121762205,3.505367528965187,0.2875844585155871,3.4769036506683655,2.266138262997977,2.0
61.7867164126583,3.1981034363766696,2.693234663971558,3.895885205884544,0.20059614287384697,0.12099537469672583,2.0
102.56037831049298,0.01164127699043327,3.386728507488412,1.3209491206109103,3.265804724797544,0.2132396310337974,2.0
78.46749358092178,1.2555025942634739,0.4218957230237015,2.19021552474978,0.294196534631773,2.767175661406694,2.0
48.718752976233475,-0.08812530228269244,3.9328122502711302,3.981595467514528,0.8616113955952986,3.763023285366586,2.0
81.44903122386613,2.5080989644229477,2.2645486244476256,3.531856694662314,1.1636917444338941,0.29652928780053767,2.0
104.45861709002828,1.099801534570922,2.798459952458673,3.2002981408259163,3.5512532882678984,0.01675117743067922,2.0
5.93816121601682,2.147283135389361,0.29267201344034977,0.3109949714744422,1.1139501088122943,3.2839121683051173,2.0
146.29083399992385,0.9417232679004481,2.7998271507598593,1.2912291532099198,1.3840118218943864,2.4900396398460627,2.0
86.60657578261733,-0.16525970296732284,0.7373168443564699,2.7773910558138013,0.9631077830341459,0.44531341303589667,2.0
56.43265153702728,-1.1458457371526793,3.179898602970729,0.5497824413890875,0.7782094279057938,0.02232355597973612,2.0
135.36232011880938,4.528203400211922,1.0386782345373504,2.6122637228281143,1.4044117423147355,2.4381092012879524,2.0
80.0862525788404,-0.9727742387528564,2.038732118980902,2.412157628538436,2.0712876580845485,2.002411167492495,2.0
9.496115575692729,1.3666347404299284,3.349099794424496,1.269989152745425,0.9746777464921408,2.0876292285595266,2.0
111.63095125007196,-0.3007824463951083,0.4631299795714705,3.398262923042145,1.854107578714145,1.5285114231846526,2.0
108.84863942312282,-1.1600003858754682,3.7632990164410556,2.346206856777136,3.7218638398401307,0.9935235169304191,2.0
104.19309082150518,1.621180287628531,0.5967474718847088,3.2351602731420686,2.9661717651313237,2.8489738132151645,2.0
55.46174095608521,3.6428035617594396,2.436783157178027,2.3169740099664073,0.3842953617876672,0.4535510068881017,1.6724536238370447
118.60837783431086,1.896170455484178,3.4532714272302503,2.2754980407693495,3.766964806387966,0.5627197716104257,2.0
54.771180860790864,-1.1582543583564315,0.1746168937823489,3.8200772194922807,1.1269656267992403,1.5379302846540668,2.0
105.05811636595129,3.471931742304325,0.36246904049530926,1.231051392876795,3.3562670552975593,0.5916308237900658,2.0
20.336631390478416,0.7149963058792754,3.8954717301524884,3.4205004197732762,3.9802383561168684,0.12158870489707319,2.0
152.02229638912928,2.677801188217133,2.9389094412039247,1.9616519272688242,0.6659382526141275,0.23514491169135177,2.0
24.521949637139638,-0.6737958078721413,1.6193612506378408,2.470689697031953,2.1103946533727393,3.9779516603649627,2.0
44.99283471949382,0.9658990114617119,3.57807460224777,1.5370684097657659,3.385387412352155,2.7285974743635837,2.0
62.89862937878685,-0.3279722313834248,2.7682343502513262,0.9590429845589163,0.940698275432295,0.7029419998704807,2.0
51.92113091798103,1.7954939877261462,1.054993742456512,1.613195596561252,3.4341477227847426,1.735096588146698,2.0
81.42780929740742,4.327478680347358,2.1122975647711453,1.5360081716451566,0.7388488385492522,0.05804764125431561,2.0
76.03065756031211,2.462089854707376,3.486760822833852,1.4193543377792865,2.703022667434343,0.922017878761376,2.0
30.10063496578833,0.8683957995198988,3.863298557698802,0.4559525250322052,2.444779062561773,2.03566108551857,2.0
82.89903413343836,0.0013331469519926031,1.5866765045278566,0.3337852097984806,1.6920515324238208,0.5873886260801475,2.0
151.1033222366754,3.48507405163861,2.2148431215936206,2.2417026935180724,3.6069076218414553,1.5496058975088598,2.0
42.93099461665493,3.0134862435112533,3.400584849851252,3.5766617734602493,1.2839753176482898,1.506130042566432,1.5465916535750677
29.776095160482452,4.038361502415356,1.9787836126131078,3.230323723885718,1.2464803845972474,3.001995706021214,2.0
30.332170094761896,2.9602323794487404,3.54724417923019,0.9939170200575118,2.681105404283578,0.5161543617759596,2.0
110.90670748666729,-0.2179725597276767,3.311909550164433,2.361899069753547,0.946498963521643,0.3177488582666319,2.0
94.2182230838458,4.497388048881478,1.952503638709123,1.9912881123548898,3.5065777943082894,3.68918781981139,2.0
37.40075063727937,-0.9742606059348331,3.3559905955477483,3.4111469858590313,2.8959763387081967,0.8268449555106283,2.0
55.54165148580725,2.3728710252478185,0.5531518682962862,3.5991217841717678,3.4020906408924096,3.3449027340029405,2.0
110.0105916063096,1.438807147800242,0.8762436897847188,2.5205912289012327,0.381210217276446,3.7410663641060236,2.0
154.05751681106312,-1.1547462485602193,1.4658738189767986,0.1514919351970878,2.796942430546456,2.2308001941584275,2.0
118.38642673873287,1.966991794471522,1.928873584373913,3.1736655324492995,1.6045210620901544,1.5536837507723362,2.0
56.27708557135577,1.8004845569333803,2.669597064757702,3.136657952707849,1.3381829524467967,1.3945483435483537,2.0
63.5311325566255,0.03744647003998747,2.335978579022446,0.38436166168818264,2.7770119059618823,1.7148442870280363,2.0
38.623255159820985,3.1705689456747814,2.290314481467961,2.403440795681992,3.6921617561342,1.8984482605711204,1.1367595835751256
122.23647499034514,4.424335358741288,0.8938690037859924,2.8861730757517643,2.9355367927742355,3.595357345728729,2.0
28.00522689120869,2.9018818004471854,0.9959455543772053,1.052892497216388,1.1127561079670372,1.9681507082825913,2.0
28.301480856209455,2.701715068998887,2.8498854756385734,1.667838235307003,2.711087903820614,0.9885846786814314,1.2839135527971401
138.07930002091126,3.2064902527301165,0.6480840624794224,0.7267235359151014,2.3255608609105067,1.5086797831291134,2.0
114.94233977802095,3.2532798683746478,3.4608905007943536,0.6166055844451845,0.7250311111428518,1.909473688646493,2.0
17.5728764301947,2.726918563183799,3.4204100240116633,3.2357877921411546,0.7375025181741108,3.8106260649662342,2.0
15.20174012286086,2.5170456465676025,2.957543080620076,0.5934006038630901,0.05923388594133794,3.485887676709277,2.0
22.931285517044383,2.851773887261242,1.7190367908624848,0.9938191232535072,1.5379526058192683,1.9593634451309452,2.0
109.00888691810387,-0.9318257895434026,1.459931465005396,2.8918111633279464,1.4004157716831669,2.05150123731927,2.0
100.66484271121494,4.681162136942415,1.7817003499842352,0.45717976306079766,3.7920448638411326,3.612310946274146,2.0
77.50503641722264,2.480422035260019,1.9083282507953045,2.3524682230955847,2.5580189747203326,0.5631348444234945,2.0
85.58222912530974,2.5472964312456328,2.803772840589981,3.9291091214698195,1.0032935628436608,1.735754187738694,2.0
132.00186313362917,2.866827017874037,3.777753795870445,3.4081621484465296,1.715007303659175,1.7418740356319926,2.0
141.9075549502644,-0.477101031469894,0.5891815323278609,1.811528647179725,1.2600473393878104,1.449139475555807,2.0
42.899833543380645,0.3117692685555893,2.001662586257561,0.6651792091473379,1.3507037878145276,1.1719020411625838,2.0
17.678157926243433,-0.6150701434948718,1.4819153260295046,3.494934923001537,1.9327311393610218,3.2549199193433846,2.0
129.60176960124235,-0.4860760843688614,2.060371344243978,3.7849109297861805,0.9292382675191861,0.6669679711224017,2.0
141.98805492190417,4.515898013063884,1.476369625375054,2.4122947819727543,3.306528099459457,3.3621649756945846,2.0
77.30255783707226,3.2325922226168045,1.1686794800048679,3.58388193449088,3.4987660674868337,0.6992169907929124,2.0
148.80195864891255,1.1088595818525158,2.1301315050627387,2.841533687099308,3.546027448078938,0.6540995617357321,2.0
121.40316309470413,1.2576999264942281,3.6308592473262404,3.3005729624042672,0.6806884118137679,0.7348042265795778,2.0
128.64858695768964,2.863810685275851,0.7736383962141131,2.459547150791055,0.9981279020505882,0.23156841092318015,2.0
86.3988105876909,2.367564985259498,1.3618634757866985,3.4044482442917703,2.1165736017653307,0.9125261880889859,2.0
148.82520477935546,0.15860358275729958,1.6871898467472874,2.314651492306753,2.1383968808518246,3.430559260178703,2.0
58.3653649439098,2.7102754962909064,0.3669799189722225,0.5644481842737523,3.848727496902727,1.4027506087953716,2.0
107.46637578486984,-0.564923788552051,1.8800262365485008,1.1988581737200663,1.3585953898851653,0.6028031593471148,2.0
39.39852936012643,2.9385898299067534,3.304587965860698,0.6732259036040098,3.0915580014681403,0.844987455475601,2.0
50.975720351339376,0.18580479972167252,0.5542920737140111,3.73774022364908,1.5267734811062867,2.844769557337968,2.0
73.89309140272748,-0.9399464537941928,1.3625149606396594,3.537678003373391,2.3424524696499285,1.5545170569350875,2.0
48.222313415677256,3.6599890848322865,2.897168659518199,1.9010274750703777,3.720458477576125,2.3564430905901634,1.3234487275073443
146.35654938953692,-1.0679629202670866,2.89078620860864,2.0614878988175676,2.635537466716536,1.3570282064864925,2.0
32.462388374624496,-0.8069114855920163,1.2331019811049932,0.649071371922533,2.0307549480917793,1.2521969245415763,2.0
14.158658591075952,4.768623772576328,1.5371508321806449,3.3618527355771137,3.9692749174722675,0.2600248717131013,2.0
50.85830554983793,3.184252384295622,1.968853926642459,2.430413693814536,2.494870406455097,0.0813310254077031,1.8744560272141637
147.95956151316787,-0.745372270843093,0.3625531788018401,1.2363573048470036,1.8125994895185924,0.3055584833017546,2.0
146.68712300192314,0.6063253540078999,0.12401707366625025,3.271387941412036,3.3850810420485384,2.211817956259032,2.0
2.8031692830027297,-1.0918695805137975,3.1463470142418206,0.5066738166478171,2.2787045160734793,3.1884998194322716,2.0
68.27270581901853,4.168976168203036,2.955821009192956,3.683645110992737,1.00974738103944,1.0052841283081593,2.0
32.389790664670386,3.3225493252985974,1.5272600483215104,2.476331104911253,0.7778787020292395,2.1351673097904103,2.0
105.61596067588987,4.835418742433155,2.9061348208607996,2.515968327560887,3.2524811785891528,0.6404917226644429,2.0
111.12190474639499,2.0320341198145027,1.012528325966925,2.512112602240384,3.505709575451334,3.823582283268247,2.0
152.67654131743532,2.6740979459976586,0.79790659132735,2.855037207104975,1.1615018491632778,1.5281175167951213,2.0
3.4303871894002866,4.239938877253671,1.1269252353999635,2.583729698412565,0.34711596351937324,0.20098278509898382,2.0
67.69429159514011,-0.12956041327257273,0.6170185753057797,1.8133291362580684,3.9791305015313245,1.2683928801173368,2.0
137.41670202347873,4.3292706944237,2.6556477165567722,3.3094672861559804,2.4122451606132644,1.2743786444742984,2.0
40.110124595311454,4.544529959412952,3.443722554067742,3.5602021055640733,2.8304683085258953,3.4211229907395575,2.0
14.975151384103551,3.3845670077247894,0.8959347406739218,0.9462501862424393,1.5878923965671259,0.5783407431908527,2.0
64.2159532950667,0.32303991361282947,0.04386207620529525,3.8193364961130873,3.4613815734589455,2.1209646512584026,2.0
138.93504737176022,0.261977545680371,3.318215035172126,0.7328380593752328,3.72076221184182,1.2446955821550247,2.0
74.22301915250368,3.190287313013598,0.11911346314283477,0.0979528452006404,3.8887984038542145,2.251803341196159,2.0
61.325416665153206,1.070294624901424,2.1526116062140614,0.15213450929632266,0.28543830828772876,1.0019845483274343,2.0
89.73323393441645,1.5966029432923627,2.401140811760415,1.5642195939148564,0.778128468287572,2.4068749735135464,2.0
114.42575843894299,0.694992820194293,3.0702719273407464,1.9140651986968313,3.1567621399737993,1.2279445644252158,2.0
151.84826307347387,4.338776096719501,3.1559235124641694,1.137506058804484,3.4764905898468426,0.42200542578886147,2.0
149.66405324921323,3.9598253130553154,2.693232818266887,0.4935557418402885,0.565535347947252,2.4858292131384596,2.0
147.57185731791907,4.74357179771347,1.4314557162701051,1.2337151656429999,1.6690836692616138,1.187283138352516,2.0
129.85100442895668,0.4475908789275329,3.5588026820767205,1.8475325336305337,1.7778268439668752,3.636966188536113,2.0
77.46880120777888,0.9134828288233456,2.94313421317833,0.5883417498807928,0.5033982364910186,1.9811518167076967,2.0
92.45017347133825,3.1514711062202734,0.7182718224093589,3.718286014980179,3.8770186673621074,1.7652407691193188,2.0
126.36058876009112,-0.14810386204803683,0.06714737886038957,0.18468966183113622,3.4969877787227217,1.7272596261639928,2.0
119.69828305752371,-0.7146578013357354,2.5616118406388892,3.2658216941626526,3.7591024895686935,2.4275254849804124,2.0
131.70405526145885,3.039170198541097,2.017675968915552,0.9201450928134296,1.9714507919923747,2.1440080608710153,2.0
131.68474691266306,0.049711519809358506,1.8996350837803853,1.4179715196436256,1.928858551507651,2.071858844261029,2.0
66.51077097530171,2.11152935766205,3.95654327193375,1.6351735189750238,3.6351459093375924,2.6056408454975095,2.0
29.183984764191564,2.959954060053507,3.9048952769011054,3.673412021296225,3.764056437352015,3.4678768639949444,2.0
72.5750319768367,1.6730073989767797,3.224506688344494,1.3497315038507827,3.447154690438407,0.1923183938860138,2.0
104.47016268079966,0.512676922340944,0.37920862354736506,0.9874184980922189,0.7973180094788894,2.8873242004257706,2.0
10.493635204563413,0.42334700244721324,1.7051653981064625,3.6824651463490596,3.5094409013018515,2.8354794619776236,2.0
6.240604881666296,3.532818004409581,3.8228476098755344,1.1522847601096746,2.668590161591876,2.4805108527571207,2.0
9.331339698069536,2.69729120627087,2.5344808042808955,2.2791869629545083,1.352779438806671,1.9289096561456667,2.0
25.147036723438664,3.782931757909939,2.700954285431095,1.121011298150993,1.4348511432722733,2.03296316972913,2.0
145.93860289082807,1.2071904431177316,2.0382411217643384,0.9594565252665008,2.5705734826445994,0.5228063131160221,2.0
98.7745755062453,3.706898854141432,2.033798642410062,1.8855974744430908,1.7997369671180738,2.860114675914681,2.0
58.466365176642604,-0.5446804459020362,2.9994182933684232,2.9223035302055864,0.3256527786808254,3.2721690033907977,2.0
81.24206723511703,2.2936380920930026,0.3034948015037653,0.14836223293337358,2.189444109325268,0.5067011498376477,2.0
120.17654619185956,-0.32716619353974385,3.3380949287288093,3.9621475013464664,0.11338824103187406,3.306757680130758,2.0
68.77929977291643,0.350861642489559,1.2149648683211733,0.024518312929662223,2.4627215146393047,3.9016647292942714,2.0
34.697229078605744,4.264051178176679,1.123552013785055,1.824449361709089,1.377351006148615,1.433276368964001,2.0
47.31871613940005,3.240081234582652,3.8971531108839814,1.2292213428408196,0.9965188724715501,2.7481287251954516,1.5351715553751693
30.800281891567423,1.7213693391535174,0.8541894586231376,3.749162860614476,2.246858096306587,2.6383760249084993,1.7506454022836722
55.7481848881153,3.319396884859108,2.7267734674946498,3.649794359357519,0.10357904316955313,3.347085188347351,2.0
136.6019781302521,1.4896928018199573,0.8249955963055307,1.0167570956566738,0.9406077256062204,1.5706441585515423,2.0
68.81462456594262,1.5093683521209105,3.0751251806901303,1.5764280753913296,0.014577735076631626,1.7872362484992141,2.0
85.00332397863963,2.688464503837901,2.4680263944525365,1.576963137411214,2.760025704492631,1.1197260109141238,2.0
137.07556387401547,-0.46552855433782003,3.47066034758803,3.7898926001332978,3.0542330425511945,3.482443934734106,2.0
108.78093569495523,-0.67656462874361,2.9252966667679416,0.9715773114718731,0.5107834395984128,2.5213417813786982,2.0
121.68233170526432,-0.03605736445262986,0.5195722648342738,2.791333848993183,3.642034431539283,1.296787455580751,2.0
108.08784270909459,1.4418112158072076,3.271302759908319,3.862361414878765,2.6556270543208296,1.6485375716295394,2.0
87.27851136665669,3.039539756841563,3.9624132323025467,1.8930967853346043,1.4083483437119106,2.3329611198346694,2.0
63.46111659564213,-0.7684446762627317,2.7000121638162433,3.816801865701068,3.994087503121901,2.788606125522673,2.0
113.06115187436086,1.2230341366170512,1.6157781231926833,3.359668310310073,0.6854957239397619,1.241270621570429,2.0
111.00778299292047,0.313444534626357,2.230868802707998,1.367705893318658,1.5344134872228574,0.9021505685389632,2.0
26.544329332459604,0.9846873138356407,0.3517580810742533,3.827583564437602,3.4590817903073017,2.0605316647826193,2.0
51.53922758910198,0.5188230066603299,2.3538051729278147,0.6803764685249627,1.588691160037266,1.8672178448811474,2.0
106.75579537297686,1.323598120275006,1.9216268718141523,2.731950818384015,1.1199530009324246,0.18842545807643152,2.0
111.2587022177955,2.4839760994157207,0.062406119031895635,2.1652063189637643,1.9096472214308013,0.4120649591761927,2.0
27.9843388467714,1.1285776937372356,0.7082727521284404,0.6185114240784575,3.0395384810481207,2.104395050863154,2.0
123.42268818442965,-1.0247486862052835,1.9127219470345898,3.6628494337465494,2.228208554649407,0.5753381850442807,2.0
129.78195824843834,-0.5894644189413594,0.09545362566232551,2.3509399107260593,2.6962180146982213,2.6709019597859935,2.0
101.88439837202998,1.5421292617851625,3.1917650579245604,3.8765928375644467,1.9715813666608293,2.690222692940268,2.0
53.83405204431624,2.1318109356005883,1.4933943398599423,2.5337991221200618,3.0412458177891617,0.2772977118723734,2.0
4.169244972813697,0.006998351658567437,1.0144676758008373,3.7326552354285125,3.060034280302128,1.0193759141623016,2.0
24.68772461083279,2.9542987194044574,1.6431906996205141,0.010364312215674687,0.20440590250386403,0.6228727779251289,2.0
54.53993785292747,3.804845842771991,1.7181258747896822,1.9572335486237433,0.36980619043032714,3.0924405188836577,1.4905405879528726
60.36000878855567,2.9784391097862013,0.523101520588555,1.378968893212936,1.0203081162571843,3.9049665470571417,2.0
49.351996720668176,4.065819105950604,2.0504895706365627,0.47237103009458536,3.263306908979496,0.0394552552123395,2.0
32.431180138079284,1.5728568079355032,3.634770589197167,2.506757999950275,1.2140567175552528,1.0182883316305213,1.9713354768328593
153.39253814514203,2.3768568790235114,3.4765716125037764,0.49803418985474757,1.656326335393115,0.9429489323842803,2.0
21.29833412503586,1.5049997271617177,3.2212712629693057,2.497451596293124,1.380276550550743,2.2752989090929576,1.0211616797586496
68.92067339804052,-0.551108827777472,0.18281662887533034,2.7930471891508555,0.3965481750356501,0.7017521744974067,2.0
14.907053722899663,4.451022685811927,0.8150679388761803,1.9725190710973948,2.623728932398558,2.538045917819331,2.0
96.45396844612286,4.561993559273233,3.1555040977771958,0.7945082373909615,2.0396399865976633,0.11397119918780696,2.0
92.85755808041313,0.23393109024403236,1.5927048654596572,0.5924973416831607,1.0478804728676376,3.371707860260879,2.0
152.92954428988668,1.0473731472584231,3.7229404272085933,1.833864531481793,1.3165049300241858,1.2903275580420077,2.0
96.38765684384256,2.9273677097039794,2.1403804194500795,0.4765880790870449,1.2097234966924093,3.339938854470426,2.0
4.761454892756405,4.80156250417961,3.512981707036472,3.6539538685359165,3.6220935828375938,3.1731572407071456,2.0
138.91267609447388,4.76873388781756,2.0846248852638434,0.16159374142100713,2.0089436116746553,1.3290685577514214,2.0
119.44225737695261,-0.49461418119456857,2.7682095249301897,2.85358707100971,3.288141041297548,1.4115969698178397,2.0
148.50826352793314,3.8985630033680856,0.7550286775330708,2.2841087238627464,1.5454302465166645,2.561004956246588,2.0
133.94526644256763,-0.4394078776774464,0.17246353229342315,2.3589769043966724,2.3402231944505827,1.738112016965677,2.0
123.0293250591126,4.6945685061517235,1.4391809059011846,2.551130909859494,0.48278209143355344,2.6170723430565292,2.0
99.82850860787923,0.1764092993103792,2.087602496781094,3.119925012192315,0.7549923849433045,3.9369770409985856,2.0
53.478739456904556,1.0211088782334574,1.8529695238498842,0.9380953017036848,0.4408050634758851,1.7895090462260397,2.0
98.18033615518011,2.129132602003677,3.906176102981884,2.087257999499461,1.53038478698811,3.272936738074195,2.0
72.18227386062455,1.7673123184169466,1.381815860792507,1.4893964921872556,0.7479072066986037,2.1878124329404214,2.0
96.83250034970324,3.284934598702481,1.8729507846735132,0.2989134722418143,1.1376832853616357,2.360087909507582,2.0
109.65503802095049,4.089536648291027,2.6248322877904338,1.2984747226162066,3.5858687729564585,3.559030907198448,2.0
45.461961482342716,3.5413636522412624,1.3709428072063838,1.1293703213859922,1.2047824347753089,2.634686532677871,1.355765501689191
16.852263718448775,4.2299219088692634,3.0815645500237085,2.022730952516169,2.61039364250359,3.380441597625804,2.0
144.21796670507015,2.602733358934977,1.1119813675872887,3.1992798009286885,3.319353257563746,1.7750418934617516,2.0
148.9372252086225,3.1729594681371838,2.1983927607516165,3.8208387578670013,0.22916933324614241,2.553550193320807,2.0
153.9581279644478,2.01782800043237,1.349998843851922,2.2668649603051545,1.9413586064071469,2.451700017039834,2.0
26.23975745346121,3.300930974815472,2.921928811417901,0.8329763624125679,2.5890804068443467,2.8100919507744653,2.0
119.42802256538803,3.993365968627824,0.36478329824361655,2.024420109984039,3.979280863077502,1.383889775634775,2.0
8.614839009278056,2.8302303554380828,1.5140277041779822,2.0443843267767363,1.9164683038759875,2.1602394153184044,2.0
34.27306730603978,-0.8836824999214601,0.03373717213222438,3.3470459941572193,0.5089115050551785,0.23692131082767975,2.0
38.98462428951857,0.5235186498507649,0.13085697653679684,0.9092229777771168,0.614657538389622,2.646637284586318,2.0
46.21157617518823,2.8146067398730064,1.8585719421013458,0.7846313405982173,2.0156495799500833,0.4176373545732295,1.332480796165893
90.78297556588282,0.4957351859454482,1.3213245524978028,0.49813619575914103,3.885791183250901,0.38500403107477954,2.0
35.05541842386535,3.573908229041022,0.10705948872717297,2.0545580886546473,0.4624360089520252,0.45148207429993814,2.0
144.08177683572043,1.8073226706379666,1.8199424896306216,1.7121719259061443,1.8569587096771825,3.558280959124711,2.0
106.60131697793312,0.15837499401856725,1.706056608195924,2.60548325391789,1.9655291248367472,1.3730476507568925,2.0
52.376261351421306,4.240409513350535,0.6596380993872994,2.066483331515733,3.8902756771941167,2.815555245650221,2.0
73.64090135845333,0.5802244911640138,1.6560182164112573,1.0732579809444003,3.0004305137280625,3.3004791994549603,2.0
86.9466496423141,3.298721724549317,3.0002546214364942,1.5729378743225029,3.653583247732838,1.8883773532286812,2.0
49.5003304641278,-0.025886940462513497,0.011472218894735597,0.0027962908214727022,2.232209724937058,2.2255743134035244,2.0
154.14596780983265,4.174438799818107,3.532425173894768,1.2175630138854698,1.96581462657148,2.7999661271206246,2.0
114.87710756377452,4.447939393130113,2.78580639528192,1.8635202623566967,2.5765145812260526,1.2392292157426885,2.0
67.79015984942536,3.3838064098915925,1.2366722271950454,1.999882061668858,0.8360145360303219,2.0759308594857933,2.0
112.74849429143097,3.325653994880158,3.176538496877952,2.4538889627219476,3.2590216794365015,2.4731489174534556,2.0
25.61849088112187,2.7545161041322777,1.060723570867176,3.3305637307430853,2.77568124795535,1.3973123336762532,2.0
127.55484232613199,0.8043932172589927,1.6329517125408692,0.851064842412212,3.591081663851856,0.7600160828102336,2.0
45.93428889647467,1.988404536453027,1.9050337948115175,1.261164277288449,3.3163489024340613,1.4447260993238418,2.0
137.8509171119274,-1.0183219260849485,3.235100901471915,2.5714232204622656,2.7475422181938045,3.8244068920104297,2.0
94.06368001773131,1.825205578317573,2.63088717879525,3.6130448886852866,2.6513196963238848,1.860168540759168,2.0
71.99991142959368,2.147301021791294,2.072647283016577,3.219077440614746,2.6377779381234587,2.9478742235279123,2.0
40.96828693252527,-0.4969068110098971,1.0891406004844475,3.8743098630625736,2.689083167469696,3.0907534971344965,2.0
34.40317825888543,-0.37748400118289904,0.7687755977138773,2.6493509839426412,3.7677086103818613,2.797947073168398,2.0
153.17593105569304,2.7275847266581237,0.01696835003721464,0.5266960282931352,2.8678843599488877,3.4860702852289105,2.0
141.30352380759706,2.2530888143420653,2.647867411864217,3.241919635619076,3.9218574446793797,2.49099763680951,2.0
25.8045259999098,2.7791745202236244,0.5162771979158043,3.3869803055954595,0.6049266613886752,3.119138026711245,2.0
81.66927412273427,3.526582119282674,1.3584052660587407,0.37558246227720904,1.4368924484000845,3.290285887073275,2.0
15.853824297433288,2.4521692206291226,1.1641017201912627,2.237583124267964,0.926404757519574,1.6343285125268547,2.0
46.44341647964345,1.456870796767289,1.794234418453983,1.8613635661926349,1.5473449557048093,1.4265071468099384,2.0
136.12313810662442,2.23249497865102,3.5794488636957125,1.0529913837211238,1.2901422015022623,1.7570665660408302,2.0
71.98325662762964,1.4395155769199488,2.085345924517056,1.395995154487978,2.706045710444956,1.728228013370308,2.0
84.19444776282045,0.609104121423309,0.7818587819312528,1.4687604712873341,2.3209615649104913,2.1138104557183155,2.0
128.3949424154855,1.2039370970710932,0.32075742699957743,1.640689477602872,2.074717593524589,2.449828715917536,2.0
140.4472299685246,1.0732257845180047,0.47854554421956585,1.8330814736067724,1.1487824071100814,0.4668585573664341,2.0
41.396661609964006,1.361533709316451,2.470303626296533,0.9269209630131909,1.4273286165953083,1.1852175241416427,2.0
73.8437687962552,0.313114833111269,2.4972387557847906,2.9161934298000727,0.3948226460864248,1.0190765409637024,2.0
103.49831636916853,-0.3092886476100323,3.71786935817446,2.2502992866788185,3.4490096903635967,3.204575331172162,2.0
103.05663595001766,1.240557073217016,0.6325195950298124,3.0388367566711256,3.5523546253432965,3.0010616350630306,2.0
11.13786653678585,-0.5710655185457729,0.3130402091159974,2.567228589295599,3.2968931949434905,0.05140071529206214,2.0
76.68477099522664,1.7563490436782079,1.7453034814138144,3.34261805051995,2.5019785258696086,3.7045172104291133,2.0
113.59462609633421,4.155517539027842,3.530921785555236,0.04933305711631952,0.34139235708407156,0.4864340478752016,2.0
132.79292363160914,3.6612313805821834,2.4496868708532213,2.424980037402393,3.101476779239823,3.626577865481469,2.0
83.90371438873578,2.0539100903479164,2.9669560573549427,1.4702188153850217,1.7954441931377154,1.4991070485417142,2.0
