c,delta_u3,delta_l3,delta_u2,delta_l2,obj_f,feasible
1.9011055855586068,0.027643103131976966,0.7687966982674749,0.2706283550432033,0.9093390214570385,0.2878081602411625,1
1.604651053853505,0.03932134822605478,0.6925142569582143,0.2469467299769334,1.0333855693449916,2.0,0
2.0071278131606505,0.0458208635486714,0.7198517554279804,0.2752460281596882,1.1825762598636511,0.3105273611862273,1
1.6863587830966873,0.04173045203520691,0.6465571610466592,0.26909187841568033,1.1241185478627465,2.0,0
1.8107836284366263,0.03123364875034251,0.8025572666855508,0.2435398500867292,1.0813682524282353,2.0,0
1.779923956566055,0.04336603604991541,0.7412636946687242,0.2575717772556134,1.1784313618191047,2.0,0
2.2399988173619185,0.03397879403053577,0.6784977049798933,0.2272326557223021,1.199349800402263,0.36755696269025123,1
2.0531714964582854,0.036903469617833175,0.6550476188297002,0.22696776808469635,1.2032602763979683,0.3278398772315322,1
1.9820107969851593,0.043474486877433875,0.667537128101711,0.2531051238378521,1.1429416564356618,0.31546869365827074,1
1.88523428813909,0.04675723197386382,0.7311196859705767,0.26415609122012335,1.1373937784627082,0.28353581810347955,1
1.8982279870409684,0.044355826452767325,0.6109241630779565,0.23945486571361724,1.076618199793859,0.2939569588418291,1
1.7270228257664195,0.035291521682115086,0.8220373978631381,0.22594492733480548,1.2391510883453016,2.0,0
1.5344179379814986,0.03469409389452417,0.7267686592361932,0.26186325934027244,1.2101104334489505,2.0,0
1.9912524096392865,0.03455569347189755,0.6820655540389274,0.2685854183962697,1.1081461947018119,0.31502367671787573,1
1.6095387512825217,0.026710072054347115,0.6493769399841951,0.2596602111892097,1.1458496477755866,2.0,0
1.9420385853954274,0.1883007887883792,0.8854686295709349,0.3636202055032063,1.0735910893162457,0.3222478259761811,1
2.0333009073589112,0.056444017446332956,0.42875694798740305,0.04928880664426382,1.2631745828100738,0.32374072780403806,1
1.8220150147101226,0.054516786999984544,0.715756569169105,0.08336990701994948,1.2475511974988451,2.0,0
1.8125824419037087,0.1288015370702082,0.5960369575958127,0.3449929470382879,1.0468465387842376,0.29093634737439744,1
1.5974786281489508,0.03989106258513305,0.9922683028367956,0.4973228414229339,1.2495832527386532,2.0,0
1.7044106534350019,0.32762323604226984,0.8823802464865635,0.3923986823703156,1.0993758737384767,0.28294587767080254,1
1.7082336136663856,0.03258428464009814,0.9566911420333919,0.2494747707402014,0.9511769913293416,2.0,0
1.7284626510496817,0.19580108842011928,0.5211933738706258,0.4688783881556088,1.2848706903533296,0.29092612725369704,1
1.9765664501298523,0.14606600333147624,0.7915150085285527,0.3197132236464489,1.2196669333850956,0.3151652547633066,1
1.5955552692432236,0.1405607584475703,0.44009820842422226,0.2703919644959611,1.0276756998518746,2.0,0
1.6316031898789183,0.034954643647368,0.767716447413714,0.09337616428262825,1.3848310434782818,2.0,0
1.8935253603795272,0.11725688997708608,0.769678998995937,0.012481979918700394,1.4048945003970708,0.2912731044041132,1
1.8342707387250303,0.26459812074434536,0.4647677040605499,0.26637843657681615,1.124183169064916,0.31683428919268464,1
2.10758454954428,0.1932686341037283,0.699223344741259,0.1461324202875455,1.0287003708577347,0.3479774798575655,1
1.8572921180422128,0.14837092228217358,0.428096952035285,0.4522810706720217,1.3674554355560635,0.32016496454853977,1
1.9097296918824742,0.032765576051128,1.013999286683886,0.547362327319125,1.237840948176352,0.3023744427635247,1
1.9894167465571455,0.3380429441943819,1.0142097050209877,0.0,1.0555477843567427,0.3306460226222478,1
2.1448886765592903,0.3380429441943819,1.0020169451818581,0.547362327319125,0.8458108217068722,0.38024877019211184,1
1.9239707881315842,0.1990393996725542,0.9830041426491245,0.0,0.8348782503923473,0.29306235725514873,1
1.7827004437832177,0.202510016928122,1.0081141992905867,0.4854799253015087,0.8526507093027944,0.28543089507561714,1
2.1448886765592903,0.3380429441943819,1.014903005972349,0.0,1.3521797714537773,0.37020976573303155,1
1.8919848945923805,0.10252198923813105,1.012943386265422,0.31091054623941244,1.1499954617222208,0.29841233699785386,1
1.7684726335589656,0.3380429441943819,0.4591895114711608,0.0,1.4241013644984621,0.2975113117120109,1
1.993328781169783,0.3380429441943819,0.43779325012425413,0.547362327319125,1.3496096748633792,0.3670200412661089,1
2.1448886765592903,0.0,1.003959079754884,0.547362327319125,1.4031051786794044,0.346737513231445,1
1.8800921400359467,0.3380429441943819,0.48720600465312586,0.0,1.3380157368320256,0.3231171487228828,1
2.1448886765592903,0.0,1.0030211333016477,0.0,1.1891810279957256,0.3200007052328394,1
1.5448886765592902,0.3380429441943819,1.0073200522338681,0.547362327319125,1.3001374471156188,2.0,0
2.1448886765592903,0.15724760193306073,0.41812736899760344,0.547362327319125,1.4068248830796852,0.3889460490460075,1
1.8133537108678202,0.15666470402867944,0.4228026430735248,0.4222926216569106,1.0040053075312378,0.31496198586111573,1
1.7696209029933019,0.3380429441943819,1.0140381239339578,0.547362327319125,1.4149585763453647,0.3100066075127983,1
1.7522529430323233,0.2505868391066787,1.0134960887025894,0.2363181729223773,1.270362207485504,0.6087864486705283,1
1.8855601865817895,0.3380429441943819,0.9521637351989978,0.547362327319125,0.8503566448691938,0.3200602982529732,1
2.039892105429873,0.21589422514877338,1.012686682673848,0.547362327319125,1.2724073057508383,0.3448913637499395,1
2.0227874882015744,0.20838875002554166,0.45666461348831205,0.0,1.42238488249384,0.33637024507524615,1
1.7532763730017038,0.18209954364194994,1.0031600418156394,0.547362327319125,1.001140802624342,0.29302823864130667,1
1.726971408391909,0.25614817461077216,0.4772663412109633,0.547362327319125,0.8714872072982746,0.30269975639844415,1
2.1448886765592903,0.11840879584874137,0.9801892394877354,0.0,1.3780441653257096,0.33526702613872045,1
2.0519889477823416,0.0,1.0096520210262478,0.547362327319125,1.4262552461906455,0.3333363833246448,1
1.8642471746021616,0.18107295961212794,0.9375573485608995,0.11130347700805344,1.3432940623255443,0.2973546613715888,1
1.8842358668537105,0.05317052660417178,0.970244330646473,0.41399133748001266,1.1291511376756123,0.29413505490256897,1
1.9608618387893149,0.0,0.4870841097122192,0.547362327319125,1.3834339056230003,0.328427882079764,1
2.065853909707632,0.3380429441943819,0.433007136213076,0.0,0.9057482095181368,0.3659357557751274,1
1.6873421439109915,0.3380429441943819,0.4633832630565687,0.0,1.4238705117079349,1.2336884039393656,1
1.8140413301704754,0.3380429441943819,0.9930070308429428,0.0,1.4285253924586396,0.29507186119281825,1
1.7225634853377285,0.3380429441943819,0.42233313142881423,0.4814425933601195,0.9350369519731219,0.318662889949065,1
1.8442063649608256,0.15025771130663743,0.9079250259328305,0.30213900312366976,1.3030438776692845,0.29839931664873826,1
1.799127839867831,0.3380429441943819,0.42963557247874395,0.2921758565022305,1.4033716651793884,0.319772562607615,1
1.9566455927818787,0.115891544893827,0.9947006976965501,0.0,1.421761484497416,0.2944527592806738,1
2.0506006117523867,0.10783246269594253,0.42640408033230576,0.547362327319125,0.8656207725855611,0.3770329583946209,1
1.9318269438798046,0.3380429441943819,0.4301912233910209,0.27008569618895056,1.423651446292037,0.34644533571340824,1
1.9555265790958793,0.2435051539087776,0.46747502884909586,0.547362327319125,1.4108975781105548,0.3501090521447148,1
2.071298304424677,0.3380429441943819,1.0146702287170384,0.547362327319125,1.3977194731772595,0.3715212208025461,1
2.1448886765592903,0.23097075606590445,0.46267415412824825,0.0,0.9502747692881337,0.37117541830447515,1
1.989301805099078,0.0,1.0069746208147372,0.0,1.1813598856826766,0.29291379244543375,1
2.076066677306481,0.0,0.9454333258404172,0.0,1.4196027782239924,0.30945692282568465,1
1.8269546988452599,0.3380429441943819,1.0041996856119004,0.547362327319125,1.2371736375979188,0.3060761049288746,1
2.016299216779887,0.2601848460695594,1.0057564622248478,0.2717138207184648,1.4172292197164154,0.3444777442083095,1
1.9052007141423808,0.14975150261040962,0.5142291434604798,0.047563597583331584,1.2036935689933952,0.30375896420778953,1
1.8779944662319967,0.25147281691048795,1.0038865966239536,0.0,1.3145057525132091,0.3021697467344157,1
1.950573006403923,0.2725367739976416,0.9961602806973137,0.0,1.2045322225453425,0.3147893098795917,1
2.12215777760934,0.0,1.0143816174905378,0.2702174313636845,1.4140592968370211,0.339833346081438,1
1.890408962656971,0.2660924032917368,1.0139589614178073,0.2982374773399584,0.9026715072187816,0.31546358873278424,1
2.0832808973311225,0.12473414984871166,0.9977448215217036,0.0,0.8936377248473102,0.33042566547622393,1
1.9745649600961905,0.12927015433414765,1.00564784271294,0.547362327319125,1.2442864861318643,0.3229894683232192,1
1.9152573460790838,0.0,0.826214412778035,0.4431582296755889,1.3527813526600319,0.3008223497670564,1
1.6829137046670757,0.3380429441943819,1.0113240105342198,0.547362327319125,1.3517668532616736,0.7640431429392385,1
1.7330516831337492,0.3380429441943819,1.008025924983638,0.35575328208517787,1.1542029364946234,0.28552372014092714,1
1.7490614792879742,0.22366681426949922,0.4440011204389155,0.4806515971251233,1.3984611285262443,0.3041439601184425,1
1.860717062344419,0.3380429441943819,0.9975359020643755,0.28821558752143106,1.019159231498694,0.3089649094103799,1
1.7158217445391764,0.30087218942190536,0.7648244353576885,0.41525749691812164,0.9280462549281119,0.2898465054124918,1
2.1448886765592903,0.26771085757863883,1.0100980730474691,0.31846004790168914,1.291569203466851,0.37335790529949614,1
2.0389391846513916,0.15506458376200483,1.0108516622205221,0.2604883828018022,0.9538928231342314,0.33528773171735254,1
2.1037041303554225,0.24175781400588303,1.0139646089422278,0.547362327319125,0.8928591198349977,0.3619221367360525,1
1.7806569977942637,0.1678674326654221,0.8952320167667877,0.39495932233750086,0.8340175955408058,0.28530334121639195,1
2.0976359814798964,0.3380429441943819,0.8720424886457169,0.2688549564767301,0.8444567862086699,0.37446209945227665,1
1.9471533379364259,0.0,0.9955762379045814,0.0,1.0424550410659223,0.6910412274810165,1
2.019550283895103,0.0,1.00652037687233,0.0,1.3322424635545191,0.2979237540403045,1
1.994785488894483,0.07281628292035977,1.0081153439917703,0.0,0.9362380217645482,0.3024107023934975,1
1.8946954886309026,0.04927370485478657,0.9881236623725215,0.3229844870683389,0.9349267596411387,0.2853168026465699,1
1.9713847339581227,0.1820889277173519,1.0137136886025544,0.0,1.4100969673085406,0.3147859331236562,1
1.8614124028278012,0.10702878778037161,0.520044319869641,0.38257202563910403,1.375507187410953,0.3097061279889302,1
1.9050947107099383,0.19014470915069015,0.9769960027331756,0.547362327319125,1.415622979850163,0.3143289004053716,1
1.8920305910595971,0.0,0.4589769899678342,0.547362327319125,0.8750732899550855,0.3124440818152862,1
2.098879249070068,0.0,0.4494930679468669,0.547362327319125,0.94688811828742,0.3613389384780682,1
2.1104154634228816,0.048189910713530425,0.4234290796393494,0.0,1.3737018688616798,0.3369558802351113,1
1.9308363880476995,0.3380429441943819,0.9910645704510586,0.0,0.8412362641995178,0.3194078131140066,1
2.0013800724048063,0.0,1.0079545898171847,0.1032126344718367,1.3889208237538133,0.303999816360595,1
1.7159701773448428,0.3380429441943819,0.9957958940267425,0.37075846601156687,1.1276426107148643,0.2883112888800721,1
1.8563491127198182,0.2760691875322455,1.0147211016836732,0.547362327319125,0.9039292839993306,0.30815377085992135,1
1.7879493955455619,0.3380429441943819,0.5063056136301127,0.0,0.9173245198850375,0.30398494870439113,1
2.0776743695244413,0.24604595946715968,0.990250756529555,0.0,1.3554619387576212,0.3459071667181343,1
2.1448886765592903,0.08406323618360838,1.0000092271862904,0.29987904728896164,0.9517482486713544,0.3429726118595051,1
2.0002745761261176,0.05338805377492843,1.0141304203526833,0.547362327319125,1.4062913487139221,0.3223981250166047,1
1.8860818735972842,0.11390798038727257,0.8242061473640451,0.16804169811838163,1.374177599035206,0.28717072251944914,1
2.0308533841684886,0.3380429441943819,0.9853146961481701,0.27431790310025184,1.3566674284881268,0.34723592771249207,1
1.7270048756606358,0.21056027235972352,0.9050083687487422,0.547362327319125,0.8711201404139617,0.28285498379958773,1
1.8111005229234747,0.15336912145166437,0.892110289128834,0.32236426579239297,1.1851428799175217,0.28073409930431314,1
1.7970980107546248,0.2808048302093694,0.6168421186998877,0.547362327319125,1.4017186128378294,0.3102157932821845,1
2.0668177555674108,0.25066882245656974,0.434059452077942,0.31522344191410534,1.37192296405111,0.36419770087034176,1
2.000010174224161,0.02144266945732167,0.48928049239607446,0.0,0.8988771903426381,0.3112590904533256,1
2.0126378277670542,0.12822173528960984,0.9861930614583733,0.0,1.1709775437091872,0.3153220787499448,1
1.9897918235769771,0.10535983719150606,1.0003893279154576,0.151191568565743,1.34105152250336,0.3121791388946289,1
1.8449797169018691,0.2887411694252178,0.9421404956114973,0.0,1.4297253021047238,0.28874206150148324,1
1.8437579938825341,0.3380429441943819,0.9954671605819034,0.0,1.223640422867673,0.30539845755267137,1
2.095431899508642,0.11103635275025935,0.9756879481929759,0.3127789719473187,1.3970455177530883,0.34660097411875496,1
1.7661151038857206,0.3380429441943819,0.5585838685512966,0.16944466814850706,1.4009008521235757,0.298751678200235,1
1.903395474694017,0.2710930299041949,0.992867689553292,0.547362327319125,1.415477382602472,0.32028883547279957,1
2.0083985951636674,0.0,0.9233677251876266,0.547362327319125,1.1907521794761466,0.31993792296120566,1
1.8496053336552452,0.2306556829465869,0.8809477757447312,0.0,1.2170391147589834,0.28899398100203405,1
1.8543162667072766,0.2472342721741854,0.9803824621385138,0.120858393055549,1.4292791578430868,0.29262656474145515,1
1.8841201746658054,0.175638976396021,0.8347647833488061,0.0,1.000718562362178,0.28615113171681433,1
1.7609810831657897,0.3380429441943819,0.44328858328986054,0.3915176599967801,1.4087202148135083,0.3110085991995702,1
1.8946597663471165,0.018721701508125573,0.6337921619355787,0.3566683238750938,1.2771634811159929,0.29455358251927855,1
1.8801877973947967,0.09696731107458917,1.007238625588207,0.547362327319125,1.0689924204399923,0.3013412842770673,1
1.9978148060722096,0.18938591119121342,0.9911583786013947,0.547362327319125,0.8964076327195257,0.3424610797997915,1
1.980735354606608,0.3380429441943819,0.9764128736515709,0.2519190776609815,0.843254242798582,0.34201601813651683,1
1.9380319289660106,0.3380429441943819,0.9368787698281532,0.547362327319125,1.289897344183368,0.3333843716014712,1
2.1448886765592903,0.16495830126517386,1.0102597971414249,0.24170384361927097,1.4285409547607426,0.3668146387736665,1
2.0046390935633633,0.10287881246010122,1.005730940171786,0.3906339302398615,1.3058904504726483,0.3190251460872807,1
1.7713853870298844,0.1837630036549165,1.004542095037062,0.48273968786605337,0.9381637065120094,0.28704572809704937,1
1.7729671594195333,0.22702069224914337,1.0008328846278616,0.547362327319125,1.2579398907023809,0.2998712660883669,1
2.0241430858399907,0.29033200665482134,1.0035373154591654,0.0,1.0071514501641066,0.3380716616766739,1
1.9417061434419716,0.15556222011234994,0.856435656043145,0.0,0.9930475326741967,0.29897558446897676,1
1.8842608751556333,0.07355536403066189,0.939098382126274,0.28020156458020146,1.2222603927234934,0.29214277548202594,1
1.9271810344033231,0.13265009249348533,0.9890100141999183,0.547362327319125,0.8612441237478271,0.3085652417888176,1
1.8127466735319218,0.14023918325237256,0.7893873540314797,0.36320193638887355,1.143904563885788,0.2860962926517251,1
1.8208832282026919,0.2336934969987397,0.44141832271761106,0.547362327319125,0.9714094081193504,0.32730750181249363,1
1.710909404324646,0.3191395024629181,0.9045362688676457,0.40182657476950034,1.3392737582490157,0.3067469863578477,1
1.7120740773167145,0.2546058748661553,0.526087457810059,0.43834604070626376,0.8392830361661997,0.30162648000770703,1
1.728855459205254,0.2800339964108813,0.5864046953784267,0.4645807890653722,0.8327597788606025,0.29710397197692584,1
1.696940505405496,0.3380429441943819,0.4325032969618561,0.35089867623559756,1.412922212629218,0.2954826236581496,1
2.1448886765592903,0.0673427948408247,0.9951838603608575,0.547362327319125,1.2197684130208535,0.36004600692384986,1
1.8357430902801442,0.10455698902981775,0.5002855703843815,0.547362327319125,0.8825518066286838,0.3158392217911567,1
1.8275469198302694,0.19711559221335492,0.4175768651868102,0.1810732809919597,0.8908593496538099,0.31175035308180576,1
1.7115492747683472,0.28359204992228587,0.5074114547086628,0.43501449586059776,0.8875562392070674,0.30496722224621925,1
1.7286879925183898,0.22548854291403003,0.418605148133773,0.4947407739689955,0.9403133808803771,0.3086805193693877,1
2.1448886765592903,0.25021766991307853,0.4720639805807409,0.547362327319125,0.8787733043774354,0.4113944669485096,1
2.0875524136925794,0.1724637407900364,1.0116927076013364,0.547362327319125,0.9074897047388693,0.357078999893252,1
1.960397619840967,0.24378137017767054,0.9889188098806311,0.22479270427536063,0.84821595566095,0.3207355627730398,1
2.06313746142151,0.17958678286816437,1.0011812327167613,0.0,1.2903588338921412,0.3250160760710914,1
1.9172558585678108,0.26613064916296664,0.433646702068732,0.0,0.8797163803233197,0.32095277647656206,1
1.7230769447086383,0.18177151342706452,0.5924381811981708,0.547362327319125,0.8514993257836124,0.29313861000815045,1
2.0319279393660272,0.2856959588889463,0.763882004322229,0.547362327319125,0.8544054316938945,0.3553761217846833,1
1.82964605174901,0.3380429441943819,0.5491230318965563,0.17275209508441242,0.905670002851112,0.31642594488202774,1
2.111124469740219,0.0,0.9257800444216997,0.0,1.3120245031934337,0.317769778698789,1
2.1448886765592903,0.3380429441943819,0.7561484284587197,0.2657980515424338,1.116652907440197,0.37760221647632247,1
1.9562212952722449,0.0715182353267831,0.5217361836676606,0.547362327319125,0.9235248487234199,0.32871546295612186,1
1.91873450289452,0.0,0.5250327839591736,0.547362327319125,1.3429802132836548,0.3051190930467375,1
1.8678848599928182,0.22697385375937623,0.41564770183113675,0.3898560771857149,0.9214782090551993,0.3268760536491967,1
1.8576315621071895,0.2999206459807846,0.5544168881627722,0.38532878389517805,0.8361254785113216,0.33080826616715897,1
2.0523209016966737,0.09900060165022631,0.9949289034832256,0.16590375438847987,0.9174103716059102,0.3235352965622126,1
2.0749040444260625,0.0,0.9639599828930151,0.2796903697910923,0.8373768815203414,0.3251911292808798,1
1.737027328600258,0.19595055493194236,0.9316651738154138,0.547362327319125,1.3000610417970726,0.40281223416597955,1
1.7159491545507,0.20477448039491286,0.6801851048874019,0.5089006953706151,0.8303021464540726,0.28749352828792646,1
1.7957425210545284,0.1620644380143688,0.4721396297306806,0.3726328376468369,0.8538940474946412,0.3096854589071631,1
1.7586312519811547,0.20935921659065054,0.6180897361970235,0.5323408927230443,0.9247652785059434,0.3006580403095138,1
2.113360876689693,0.3380429441943819,0.9920319086601478,0.0,1.3818382847505735,0.3543731729689043,1
1.7213675316571597,0.21143086858166357,0.5797767030325545,0.5316381505968486,0.8413926804540476,0.2934672261897334,1
1.7160007877108934,0.18802445376813343,0.942744693465473,0.35006467264704627,0.8754919935958472,2.0,0
1.7795358468919988,0.09834329226864963,0.9287826396112785,0.547362327319125,0.8502236089527371,0.287817286966686,1
1.867322396804377,0.21768147333137935,0.4784019420950311,0.18220479244352583,0.8502155468649131,0.3179277864033015,1
1.7041131595198125,0.20776850284241002,0.5642162963724591,0.547362327319125,1.3484779875716926,0.2858377107618054,1
2.1448886765592903,0.0,1.0134998784653368,0.4187684822371928,1.3692673780313251,0.3431987605638138,1
1.7652929356808222,0.3380429441943819,0.8698097972388882,0.2431927683871223,0.9429772786894406,0.2957724502948667,1
2.1448886765592903,0.0,1.0091124213065885,0.1263635148426631,1.4051059504402492,0.3337586039387728,1
1.9898917432301406,0.3380429441943819,0.9927907684674312,0.4080314276138582,0.8994229092354548,0.3506702752920544,1
2.0314360475488886,0.3380429441943819,0.9970052927838962,0.13170783004822068,1.2877842094975254,0.3419606123718187,1
1.9119392077733834,0.3380429441943819,0.9675580802481403,0.40258680612052444,0.8789100861300794,0.33344383861668725,1
1.8179827997569613,0.26561377525378155,0.739906793475912,0.18371583586316917,0.8872289584268329,0.3016235456685806,1
1.5448886765592902,0.3380429441943819,0.5296130557347708,0.0,0.8722315620069166,2.0,0
2.0609505982612566,0.0,0.9676797446696815,0.41679277408083143,1.3961424187581066,0.32607142401920003,1
2.0984679736752705,0.3380429441943819,1.0148913271390958,0.4242473372444475,1.3945283957832775,0.369052907109332,1
1.768042240196837,0.15928222403545664,0.6245718278222926,0.547362327319125,0.9454399814657867,0.29849431749317534,1
1.7966742745811042,0.0,0.9849194658257309,0.547362327319125,0.8413294208857197,1.4292084567589285,1
2.085136403917495,0.0,1.0037788810472692,0.12499269111981501,1.302491571330017,0.3160977755774026,1
1.9834091073866356,0.0,0.4473964632961626,0.4133884540573985,0.8505552344316715,0.33669885203593025,1
1.9580706752411443,0.3380429441943819,1.0097228424570195,0.1207053504145987,1.31781894420492,0.328213828220368,1
1.7774284618583678,0.21771875100249832,0.7681547324510136,0.4227762083710121,0.9072234431111591,0.2965463048715827,1
1.6907467506488232,0.3380429441943819,0.9623823657557441,0.39068350614146385,0.842271942464428,0.39446648898813985,1
2.1448886765592903,0.3380429441943819,0.9049797325829178,0.1259284016101344,1.4225267310071381,0.36837849645647613,1
2.0416980298260836,0.3380429441943819,0.8975398430485925,0.41757453742506445,1.4244696857606969,0.36136782212402796,1
1.808357347537757,0.14488011703318163,0.8650491172789826,0.547362327319125,0.8455980096509216,0.2995166851285444,1
1.8496796974789969,0.15806985795772913,0.9678591013743161,0.547362327319125,1.1501387738382909,0.30528067720725977,1
2.115543693927439,0.15643184566295742,1.007663315331736,0.42618511205981136,0.8420431109010237,0.3624769082016366,1
2.084341971584504,0.3380429441943819,0.9274743667550167,0.13184342873440572,1.3026097988474525,0.3520387695026318,1
2.037807213062973,0.0,0.9103500595710448,0.13798426341245207,0.9194304921333536,0.3054613263019429,1
1.9090053769586164,0.15901360036159742,0.4719431599228872,0.43505718483295985,0.8350272993177308,0.33417511294426,1
2.049565574153617,0.1703559508717391,1.000948481538643,0.41621139628019377,0.8389417232099691,0.349077919867055,1
2.0274771800998748,0.0,0.9459972463853842,0.3557953517015162,1.4084269740619215,0.3228779140005154,1
2.0192021599697902,0.20825798698936826,0.9898190711722579,0.12922866560735063,1.418776012551172,0.33494106173564897,1
2.1448886765592903,0.3380429441943819,0.4550181010055103,0.4157737377814627,0.8567937647906783,0.41192192919473614,1
1.9006722424497777,0.3380429441943819,1.0016624748335317,0.14461042982091263,1.0490426976325136,0.320443611034983,1
1.925590921275643,0.1644506891928393,0.9953895764999906,0.2062731205236916,1.3718572923084515,0.30429165408532205,1
1.7878100095351683,0.14761718958125497,1.0129758476977864,0.44784065044728916,0.8533797388637555,0.281172931848874,1
1.7234380522153803,0.23814707025514556,0.9657991649471703,0.458049592588888,1.176620234220453,0.5530655672748654,1
1.722357036677215,0.2981816140130084,0.45958678153856514,0.3041922641458788,0.83687663052934,0.30589784282463583,1
1.9180213909209232,0.044779926470092386,0.4650093527775886,0.27706808197579763,1.3517708885048079,0.3063503665756382,1
1.5448886765592902,0.21309321655522176,0.9115289531123022,0.547362327319125,0.8460978752079582,2.0,0
2.1448886765592903,0.20894947470417502,0.9738101177306465,0.3657641559494312,0.8455334312067865,0.36192433691290804,1
2.1448886765592903,0.2784262902512483,0.9922169299343319,0.11959760171741034,1.4120851813292963,0.3698747816163044,1
1.929570811573846,0.29045749522346326,0.991572986010174,0.1630898504494823,1.410939984398198,0.3270773776173907,1
2.1448886765592903,0.16835450718848327,1.0099833337307385,0.0,0.9660984553868386,0.33955798451594343,1
1.7367122192374065,0.27255413482076424,0.500969321369477,0.38889382537518363,1.215357902490134,0.2904963202235767,1
1.9482728810326027,0.0,0.9935595080406728,0.2900023995701395,0.8342909332883921,0.2894154625111456,1
1.8618616248994808,0.18937356697702276,0.986701664032789,0.2608553186673413,0.9960272119302086,0.296062342516098,1
1.779101827806205,0.26475734801907425,0.4240031340366234,0.0,1.362265030905017,0.2857826730005909,1
1.7859731988499512,0.30316999303726255,0.6376718708989048,0.08201163945739862,1.3923622325890588,0.28487822404792046,1
1.815628829113959,0.15243695825884332,1.015112892331782,0.0,1.185078716912838,2.0,0
1.918479670279856,0.1128956925812094,1.013663630754912,0.07503539402355512,0.9209859091218291,0.2958500991550178,1
1.9056597524256507,0.1803421427669632,0.5126563462524226,0.041405993899387886,1.4120783147422595,0.30271002972279,1
1.7326580263602438,0.2258367251553081,0.9951995692350407,0.547362327319125,1.3511378807111438,0.3864761616852444,1
1.7006096975884093,0.26469620809562217,0.42581909336425916,0.4591815337114132,0.9263876877114163,0.29861409315276594,1
2.1448886765592903,0.08089460391141055,0.8674936285768408,0.0,0.8565062014349843,0.33566295688444203,1
1.9225122158617247,0.13561267029580273,0.9631011034042546,0.16340745196910725,0.9762605301142894,0.2996055147056792,1
2.1448886765592903,0.23382630334398735,1.0039640106815924,0.19380226682221288,1.152603452182705,0.3613702405158249,1
2.1448886765592903,0.20337424456618622,0.9264412420483631,0.547362327319125,0.8393082232194383,0.3758501958146454,1
2.030635627487809,0.2086806907875547,1.006645321128443,0.3046809372332922,0.8593898414878245,0.33638390240253496,1
2.106280285000732,0.04656097042667693,1.0040184330327833,0.4083978501612085,0.8736023791447781,0.339954204504544,1
1.9120967318096713,0.3044422784192646,0.4448897793480381,0.547362327319125,1.0127938892441468,0.3488537890860724,1
2.1448886765592903,0.2917004457118189,0.9540318323967977,0.0,1.239891436779331,0.35764558489083054,1
1.8587339319766367,0.19558305535955842,0.9867865885911954,0.15743772414261176,0.9038456856079247,0.2893263138071422,1
1.8251522632351507,0.20591575081737176,0.5646682687540118,0.3936128154870549,0.9074086669991861,0.31499676538359295,1
1.7079927699939859,0.3258272242077064,0.8649438260886735,0.30881319724941797,0.9060530354365453,0.281428994806995,1
2.1448886765592903,0.2977778985402094,0.9505093543860591,0.547362327319125,1.150251077165237,0.38658895512492497,1
1.9906762813520458,0.29733752761500176,0.4208919871930976,0.3598746253622109,0.8384731875176521,0.375542435415526,1
1.8710635137713463,0.06782240639029916,1.0116320627617752,0.547362327319125,1.0885433080875442,0.3003111592960213,1
2.1448886765592903,0.10828732789432002,0.972231554223482,0.4627799155137591,1.031461989913303,0.3516210870853821,1
1.9978674886046421,0.07396925627078314,0.98469142488815,0.1810723376223922,0.8887708838462561,0.30635781242258314,1
2.1448886765592903,0.12125235197409814,0.44033776462012186,0.16929087890774752,0.8420787643119729,0.37893209870299405,1
2.0200476773828404,0.2587239180787802,0.4295586256126649,0.11687917641577454,0.8636396795884472,0.36006326263642935,1
2.052142730328103,0.08968713352008811,0.5024423699358966,0.0,1.2686818798382722,0.3211577918386033,1
1.9189353245678917,0.1223694074092442,0.45851777673975674,0.0,0.8364518557880836,0.3041554488496473,1
1.749484375446236,0.17108527613504393,0.9419932596162327,0.5037404485460397,0.8618815449235395,0.2861903539608664,1
1.7424030459995459,0.12105124166731634,0.9071082315992248,0.547362327319125,0.887696918978111,0.7688503674691143,1
1.8068876452328346,0.08505902214634661,1.0068388222446165,0.547362327319125,1.0488846207087417,0.2857521362041167,1
1.9227646935435827,0.09930706290678104,0.9762093884134403,0.0,1.3066448208314339,0.2887461696499668,1
1.9731082532614852,0.2363407774007768,0.4349202108640272,0.3893851440228056,0.8987763758542592,0.3642551019380067,1
1.925581559675065,0.018028102568803685,0.9241488545494718,0.3316809036100541,0.8925686586681084,0.2893653429629513,1
1.7861583674384283,0.2936472235500139,0.4829731127659236,0.0,1.23689806399656,0.2886931225370045,1
1.7524678658653654,0.20845405175205306,0.698265915061655,0.4688200942947842,0.8832887547721668,0.29043187323804515,1
2.066049465073234,0.07637320626456895,1.0128598053828202,0.3905123075423364,0.9750119778848749,0.33415693989795336,1
1.8014295442517607,0.2171872448631556,0.5412875131814502,0.45644097113006227,1.1579832597142476,0.3023822227178654,1
1.8400338963808738,0.2289043683722181,0.5481638246292532,0.2789429769263563,0.8493016681807449,0.3072469604615929,1
1.845353968860655,0.30072368257423104,0.42618371578168557,0.20582343106845283,1.3987089832222817,0.3257583680274915,1
1.746685221240134,0.269037236145968,0.45622940351112656,0.547362327319125,0.9003026113661732,0.3159273322196967,1
1.807879727522108,0.3097301565653025,0.4901531002398867,0.547362327319125,0.8490209623741385,0.3323082228421437,1
2.0764695823460793,0.038346428297283866,0.5402878781368239,0.547362327319125,0.8775066082368286,0.35977404278163305,1
2.069480915657523,0.29946366850068334,1.0050652855706215,0.21606968773173718,1.3822532741575349,0.3598880341262816,1
1.8207238912563293,0.2643171613485932,0.5686851147580635,0.0,1.427949512836298,0.2874688107496411,1
1.9325270284574707,0.3060600115240805,1.0025898366594665,0.0,1.4095664656095248,0.32311097448312787,1
1.8814868328707939,0.19865629625058467,0.8758166595812579,0.0,0.887733600541751,0.28641806456390295,1
1.8741523971480305,0.16604758927980634,0.9183191474000116,0.18711742031959022,0.8327876498718194,0.2928456558393775,1
1.9655616704809382,0.2374512787851918,0.925006140116628,0.0,1.3562380472821247,0.3112305795527187,1
2.1448886765592903,0.05798732442913696,1.000267869550103,0.15100964927151095,1.3839106012555875,0.33830137288819917,1
1.783777762231074,0.16878809183807164,0.8634921053687389,0.4360366284761661,1.0256522068138907,0.29184655221552286,1
1.8060702626551617,0.09996684299023914,1.0101928770800237,0.4684876936421223,0.8316951001554289,0.29117695970707713,1
1.907943416702629,0.17505244880791002,0.9921853208358626,0.0,1.2359460881180933,0.29365432285643184,1
1.9499105195865367,0.16232364086115847,0.9739959864669955,0.547362327319125,1.0136897116176156,0.3299770960426863,1
2.020796604298266,0.16022232500939326,0.9955895372675784,0.11009151103793947,1.384518723700694,0.3300628663358736,1
1.7182788117477081,0.26438153265260433,0.43598972910022066,0.430973997994369,1.3184983557779235,0.30266073872817106,1
1.7685704623680965,0.291891209832236,0.416378379433842,0.3732291052477536,1.0256402608018524,0.31433916011042073,1
1.9977092301882993,0.0319209220114159,0.985441690851471,0.149925773288287,1.2403067201814542,0.3023107170057951,1
2.1448886765592903,0.3037126569985205,0.9807174202608927,0.29898462186648234,1.2009479943560954,0.3703070932809222,1
1.7912332625944272,0.28086572545519856,0.4291902225254889,0.09122267126093038,0.9463867521036254,0.29699196114950793,1
1.8252012160396414,0.31403756842864305,0.8818180570352759,0.0,1.3979228457096535,0.3001316851696155,1
2.0374270675786263,0.13386591070931625,0.9748759154505072,0.4166109044519289,1.0485224118490906,0.33968795048389877,1
2.1448886765592903,0.02787111168040128,0.9808122446475227,0.0,1.4146601882836507,0.3285457148216059,1
1.8818865650876053,0.07910247626340737,0.9518153954110405,0.4374396903991269,1.3457676272253278,0.3013536540074596,1
1.9920245653539852,0.09747887427990379,0.7629809816453593,0.0,1.1585341272494478,0.3056097464271397,1
2.012903095176008,0.11663949825993887,0.9521235522390404,0.2686420419003438,1.4097287467414512,0.3296478599535051,1
1.999542107971635,0.18075249512291036,0.9755197922735606,0.26030503823978063,0.8424336460723204,0.3289836816835574,1
2.080993560562482,0.2888256875957512,1.0143210471169075,0.4112480700044549,0.9120526801094037,0.3633555699706975,1
1.9526671869754768,0.10235758006589303,0.9593389978078672,0.547362327319125,0.8810447461186413,0.3185669784201993,1
2.0731608702258226,0.06989915463558362,0.9992026862968887,0.24131581698061488,1.3847212432213356,0.3281306740260334,1
1.9121171544265974,0.21956257753586425,0.7030390945407733,0.547362327319125,0.8330610993413003,0.3302331731552928,1
2.1448886765592903,0.03756712962662045,0.42318278731614367,0.2920675698396316,1.3895537378067215,0.36466530782174533,1
1.7431624673749488,0.3026031975186463,0.5994460873378309,0.547362327319125,1.054234585332241,0.2992911497751501,1
1.9246173171518357,0.08922763812171162,0.885625498397514,0.20367596848867095,1.419035652548018,0.30620202480681263,1
1.9448465862711393,0.12342597589466242,1.0036904215495102,0.4220502608905365,0.8722131094901353,0.3200403789640389,1
2.1448886765592903,0.032082512432515836,0.7935756023261398,0.547362327319125,0.9022153801559679,0.3505446148025666,1
2.1448886765592903,0.19821186324873688,0.9437950390972555,0.0,1.0666039733157224,0.3410914452154679,1
1.9957144415663362,0.0,0.4588261271111733,0.22866651366323704,0.9922290763558745,0.3149732165021244,1
1.9072264591578965,0.22583187189906612,0.43064656778733534,0.0,0.9464323191140956,0.32068244551601427,1
1.8702297003119053,0.2769914364589481,0.44082136159971175,0.1252205906059414,0.8764624903608537,0.3187592367230949,1
2.035486939299548,0.2538712909637938,0.7631226188939783,0.547362327319125,0.8403352491615792,0.3652816535903612,1
1.892733598390762,0.2647980341550832,0.45054245643219565,0.42704247961641345,0.9701434553633356,0.3388064248088227,1
1.7712233517683373,0.28759453634611226,0.441469240417973,0.22204092408319837,0.9445835881225412,0.30542379898054733,1
2.046380330165598,0.07268133670741707,0.9794075108266036,0.547362327319125,1.310067071542367,0.3333898778203445,1
2.1448886765592903,0.1315631279948168,0.9483288013911909,0.3435719237310002,1.357298674757129,0.3603171276415286,1
1.8393177139880788,0.20275805869631108,0.669495467769242,0.24237274724611216,0.9349697625719939,0.29454714487971206,1
1.841246369726189,0.3380429441943819,0.5462467658963688,0.4352396728790104,1.0156012921891169,0.33248036238157874,1
1.9954542463271954,0.3060527578872736,0.994864789573709,0.13840706420001156,1.2648211234479199,0.338934398075131,1
1.823369522759144,0.2053168400174866,0.6332538073716181,0.547362327319125,0.9433397658583615,0.31580460166142466,1
2.020001387231394,0.15801744647108038,0.8438020325933541,0.0,0.9645481656061883,0.3095966595292821,1
1.8355463461628136,0.22472358348779764,0.47238839260685395,0.11382945126346077,0.8301397030243668,0.3129180212761939,1
1.7562551618132853,0.17269769130279872,0.5077980378251736,0.547362327319125,1.0073562583568438,0.2923024712350617,1
2.1448886765592903,0.2628553117071939,0.9894680845423963,0.0,1.2479963170772272,0.35842544647690733,1
1.9234293810749388,0.15355179890764653,0.9754005758634737,0.10749155251823614,0.941041955051421,0.2983055315065049,1
1.8000498031937642,0.09565761561936333,0.8693408293085053,0.547362327319125,0.94909076580829,0.28701691465636436,1
1.84077596793807,0.17575632229276278,0.9352367507876028,0.26779612497967625,0.836953217607193,0.29841753891620276,1
1.899242555608951,0.2394471839340203,0.5778315194710173,0.287375851565564,0.8460189810832486,0.32239880908309654,1
1.7430823375280762,0.18317748377503856,0.601663973688218,0.4949073089003808,1.3468086737613527,0.285364910678593,1
2.089317161775648,0.18864043289473978,1.011841468436348,0.29960711892608494,1.2212045210140405,0.34983806921084565,1
2.0914710413799655,0.15049149448794133,0.9806303508097644,0.11377089066667921,1.2714336476770787,0.339322479018747,1
1.9126627247077,0.305166189700204,0.5023230463933748,0.3023272730597911,0.8731956712081769,0.3369631299630631,1
1.8664037619161051,0.13153795733560975,0.9075737546535917,0.547362327319125,0.9128731793155106,0.304608678573173,1
1.7478641099557781,0.32579573673213835,0.4188372251600082,0.4833638221011375,0.9883054517916691,0.3199785736217747,1
1.729525144772458,0.2838223182325541,0.567305033387634,0.3486519274455988,0.8517217296803615,0.29260561868733503,1
2.0674695606431195,0.22806739814496177,1.0059046254023316,0.1841032065951376,0.9156923456853358,0.33629051494145323,1
2.1448886765592903,0.1221390304572521,0.7030773137073766,0.547362327319125,0.8579938633749709,0.3727386245005949,1
2.0815099065650546,0.21533743202730576,0.9460985279947017,0.43181974909307985,0.8356985035988028,0.3618533992637542,1
1.7052616381008074,0.2642699337307947,0.6617108707886082,0.547362327319125,1.05657916544862,0.2878613959930538,1
2.0624106138684737,0.027478540936481326,0.865972394229283,0.0,0.8964385411338595,0.3078019052982653,1
1.9010820443734984,0.023950224749031,0.8077443228243062,0.45580494409439604,0.9472682963889897,0.2998472648916316,1
1.8790778931670102,0.12355885277125733,1.005912787114071,0.2608806299652941,1.0508988407032196,0.29460398816699257,1
2.0405037461995827,0.1492938227417061,0.7823075802263001,0.547362327319125,1.0294766639995188,0.3409086807814863,1
1.8944425102068119,0.0471103128846363,0.741882395667712,0.278366116660432,1.0283803231623692,0.2932128425716124,1
1.995658164644909,0.06601486582831885,0.995032406641413,0.405696147018594,1.416241806649075,0.3187740237852728,1
2.0392304349808583,0.0368117130437641,0.5602832722833165,0.4063959380552174,1.3816740270388186,0.33376707496664115,1
2.0871106449157217,0.2846093435251178,1.0117520289088044,0.0,1.425381760840903,0.3526250758228996,1
1.9600741413019078,0.21120911626463784,0.9555095986778742,0.24718598517013576,0.8625232910223409,0.3167373537777859,1
1.9582702879046443,0.06564471707033605,1.008178501489707,0.10740525633141348,1.4000351938611122,0.2953770499668976,1
1.9420596434317468,0.028281482047392576,0.6884540279237634,0.22270561398957045,1.338883446108589,0.29716833837968265,1
1.902259820285606,0.032463619879333785,0.7436983456394618,0.3560079394926719,1.3964647191187367,0.2955087730464346,1
1.8741148405135655,0.0637473426760719,0.5403174378151933,0.3451718544458005,1.2832095302783548,0.3027569677784072,1
1.9444648828245148,0.08574966051544242,0.9945161114637604,0.3754407580591911,1.394819604851831,0.31876811660239285,1
2.109850194232849,0.08816781743715031,0.9281174493040294,0.10956887159287614,1.3472790275100137,0.3320248684478242,1
1.967477550946504,0.2820739373655579,0.7625087142971935,0.547362327319125,0.8389900962019863,0.3410380710938663,1
1.6930810854967377,0.19111443933797104,0.7128555856518386,0.547362327319125,0.9864497911038854,0.6506042700588687,1
2.1448886765592903,0.14288342302841503,0.5387790604649717,0.0,1.3176548610392507,0.34575342858927344,1
1.736728998147427,0.17657420958590037,0.9807512612696377,0.547362327319125,0.971653431311858,0.509785515375808,1
1.7305454587969913,0.20220266064452444,0.5102732626633912,0.5017554907003013,1.2016234945087962,0.2886510721346012,1
1.7072451111582614,0.29972462649049947,0.5296108626347784,0.3743993120754701,1.0112269600172579,0.28649104385099516,1
1.7153454159123667,0.20178316671246885,0.622635846347769,0.547362327319125,1.2820130205972007,0.28779118727605524,1
1.737380839097918,0.2978206881886326,0.46947075893789575,0.3942457436914045,0.9716367955542781,0.3054590353648693,1
1.7360733266336237,0.3380429441943819,0.4719108217141194,0.2549860920508784,0.8879411526411929,0.2992883076901138,1
1.8904960207477404,0.0,0.9760721671901598,0.0,1.3786704955710283,2.0,0
1.8020583867730628,0.22655081043237096,0.4841506818038614,0.2744927857341128,0.8537340027205806,0.31279620205255454,1
1.950203911094952,0.2048388039017684,0.9955692402998879,0.11030376596227333,1.428466537399987,0.31982828633524457,1
1.872273950342356,0.2126305986043524,0.5838773018340303,0.547362327319125,0.8693338157998922,0.33342522387511464,1
1.762382339600918,0.28520339237988784,0.4392611440686364,0.0,1.297045199420549,0.28641375220802523,1
2.1096257706088566,0.19202048324620027,0.9855852261313142,0.0,1.2089691878932378,0.3362767410177927,1
1.952943692578703,0.3380429441943819,0.9718199571120443,0.41074317716123615,1.4107694026199062,0.33556706931991165,1
1.754965994285194,0.17908461609476795,0.5124039611769423,0.48611115395917204,0.9675924760229386,0.30194455523054853,1
1.9535047915037365,0.11812165158233429,1.0124491951938892,0.18942733461121342,0.9224492740897272,0.3008929872078017,1
1.856457432666766,0.3380429441943819,0.8195878118007466,0.547362327319125,0.9729427910597969,0.3152837093976439,1
1.7961139863931452,0.3380429441943819,0.44561775286402283,0.4391896795197829,0.9096840541336808,0.33028620516813434,1
1.8663131928366086,0.3380429441943819,0.4530523191978251,0.1431357807170092,1.1360631998005521,0.3304903777786603,1
1.720243760766757,0.2860430764877854,0.4963421498205596,0.3933550315711483,0.841882478251454,0.30001522308563877,1
1.7446168210922834,0.3034578665890178,0.44556566767620304,0.3160801894694948,1.0400614928924536,0.30410498795398055,1
1.793173698077832,0.3380429441943819,0.42816357260917587,0.1719572492220323,0.8950424180395371,0.3158006418577585,1
1.8579619742508544,0.24203369828685678,0.4193244142473342,0.038225487296725105,1.011867773883997,0.3046117216185264,1
1.9479228391685204,0.0,1.0108756785257806,0.42152315577045685,1.4091904688184496,0.3010267691393639,1
1.7041389176192003,0.23388794863447698,0.8375022607642187,0.547362327319125,0.8372918439117586,0.2940229385307495,1
1.7223438965625888,0.28735913223987114,1.0097514919800545,0.547362327319125,0.8426749255260445,0.2922743724610424,1
2.110341161011855,0.26029311613830675,0.9947740280228596,0.2645755502208173,1.3960727632514847,0.3580683991991329,1
2.109679826180863,0.09221450397310735,0.9652736549807172,0.547362327319125,0.8531999139962635,0.35712210200414185,1
1.8875404624693095,0.3380429441943819,0.9785988436612385,0.3161632054481803,1.2298433879440307,0.3145862965227315,1
2.01214874446959,0.11867296210328818,0.9005387722555879,0.547362327319125,1.3285336918085262,0.3314353483078097,1
2.109735954803174,0.3380429441943819,0.9806943462113648,0.547362327319125,0.964337295258654,0.3698125388567311,1
2.046315115007674,0.0,0.9600310896574662,0.0,0.981213319361694,0.3064581638897253,1
2.0226470060908053,0.3380429441943819,0.5391214536459257,0.0,0.8722464735476605,0.35275823830322667,1
1.9943178691548977,0.251691655968355,0.9715808756477575,0.0,1.141636697719108,0.323409130970599,1
1.9404609860178796,0.09970573247750848,0.912405934789714,0.06671621145436298,1.3586505522719607,0.3021323994357128,1
1.9714185097349692,0.0,0.954240956122104,0.15179194181959169,0.9667764284208825,0.2997228890470669,1
1.7822528190804907,0.11890900289827325,0.5641786601019995,0.5066286539838335,0.8775065985445717,0.2973599700058198,1
2.01129781760979,0.1975937557996235,1.0067994041680195,0.4224376671220415,1.4282142075725595,0.3443229486223577,1
1.9849356854742908,0.21515430592142132,1.01246220300167,0.13719914175130948,1.3146250198896197,0.3200824942429116,1
1.8160009102733397,0.10621830252846708,0.9392421595036923,0.5221831024692579,0.9671052589898623,0.29305886227713024,1
2.114672258148991,0.0,0.6413384608866014,0.13555814553261172,0.9047211501019331,0.335987735255682,1
1.75749357722115,0.2607343100338095,0.5977017372693283,0.41548458877916544,0.872866605060586,0.2967666474023727,1
1.916267797034571,0.22849885446607995,1.011791627706779,0.15570303544504674,1.405138451837546,0.3089100805889245,1
2.0768295890579638,0.06582061814181168,1.012080727095578,0.09650385250438587,1.2541429136255566,0.3194778875664733,1
1.960341416132537,0.3380429441943819,0.9675275358680029,0.0,1.1694005073136509,0.3166255373087495,1
1.76813320332313,0.18893836847793472,0.6731338567435056,0.547362327319125,0.9204174372976156,0.29075885214954167,1
2.069965497156841,0.2507140722712407,0.8824751659392325,0.547362327319125,1.380017218303692,0.35566379867704506,1
1.7721330939731859,0.2870318874272993,0.5478595826801691,0.059350688001642234,0.93941728742842,0.29533511743856466,1
1.937084722063315,0.2637353837255883,0.9679626158182641,0.37328832295326153,1.384031304737881,0.32903745259806694,1
1.8290660688553957,0.27276173447459934,0.9496708406973647,0.07058037104195783,1.3528209154106274,0.28899526689885646,1
1.8206186265031779,0.20371757573461657,0.7547777823654165,0.2542673934377671,0.8428218510537322,0.29816217794781197,1
1.816715773646533,0.27770817995788644,0.8169886005386967,0.407794867943922,0.8387285945286664,0.301413927489248,1
2.0946046037104846,0.0,0.9922028475160649,0.38394068757147237,1.3687910240986836,0.34044699543900164,1
1.972262852149395,0.059557473350364584,0.992798903741981,0.0,1.0402903006524493,0.2913419807282511,1
1.886972428427047,0.14019042007537263,0.9902390312971822,0.08237149608993617,1.1649181474583379,0.29199916443536555,1
2.0316715906828806,0.3380429441943819,0.9610839444491018,0.547362327319125,1.3600092515836246,0.35171486397379226,1
1.9167627531642992,0.08297711963322861,0.9788515068231486,0.45580952130412267,1.4160266983046976,0.3055155252009855,1
1.7696206336587776,0.2861154656194808,0.6900307226079836,0.547362327319125,0.8525136781654431,0.30995178683905217,1
2.1075520599225137,0.2744594146559445,0.9699061550829905,0.11211600835765309,1.2228756656101147,0.3614852001840668,1
2.10908107165613,0.05837224413245086,1.0000529152736575,0.23706539022521173,0.8552718183122405,0.3332171245429643,1
1.838030740383231,0.2631218007680793,0.8603473894224092,0.0,1.102329909814866,0.2861213531693226,1
2.052947858215944,0.1703857688249374,0.9946499518778866,0.12097191572436986,1.2146222583791608,0.3262304384404432,1
1.8808104467373887,0.16127824192164003,1.0148388777832067,0.3588099377261807,1.36413745276965,0.30953904372313745,1
1.791210441591186,0.2784632624821998,0.48351747180994586,0.30524917926672895,0.8389079530582831,0.3185061998313827,1
1.719029176197904,0.1863411348009154,0.8689134512796926,0.5137230836463114,1.0477556529791583,0.7773585443086883,1
1.706235690794611,0.2280190074732111,0.5922757953418558,0.5044815120826922,1.0082505866932125,0.2899944478072937,1
1.5448886765592902,0.3380429441943819,0.44469240956979844,0.266666427529273,0.9192675260461528,2.0,0
1.5448886765592902,0.0,0.4304174710441061,0.0,0.9039928755144204,2.0,0
1.760069519374547,0.18030481838446524,0.796728421446504,0.5176822639164569,1.1286491730385169,0.27950622314457463,1
2.1448886765592903,0.18010015020565742,0.9570807823659314,0.08776307216901756,1.1200398274011953,0.347082477753846,1
2.1448886765592903,0.0,0.4938450580678885,0.20819494565178995,0.8891292930591297,0.3547682755267592,1
1.8900278619662139,0.3380429441943819,1.008789160437395,0.2249346410794018,1.3978661924682352,0.3178667353737978,1
1.8232139679207058,0.3380429441943819,0.6660168989457022,0.3599256013120134,0.8336364895857339,0.31830378909033286,1
1.890825779289477,0.18172620512144355,1.003131582693042,0.12096745286822716,1.2702427386297286,0.3005493682833419,1
1.822494878101847,0.3380429441943819,0.5407031645056821,0.08316298148829324,1.331432629816861,0.30517992362250457,1
2.0888930518912767,0.1429726929996818,0.4489633593711744,0.21244216316614803,1.4184817575922097,0.35200225014044023,1
1.9313688932464594,0.14284306747727665,0.9900976064662232,0.29503693363598255,1.3861599944543763,0.3054628816365885,1
1.7375010523684757,0.20217365283230443,0.9857939007575968,0.4810982489944239,1.398572464395632,0.6371876429081728,1
1.716702395906568,0.11610616497826864,0.43036209942519277,0.4506994334785289,0.9867825634942207,0.28831081903690375,1
1.7259017725436638,0.26422222398651685,0.42574566255576246,0.5154650633643125,0.9024260062826123,0.3116494550223856,1
1.7603160400561564,0.22094607153752394,0.4308627434223259,0.49981811127948716,1.1067721949270342,0.30521269213544305,1
1.5448886765592902,0.3380429441943819,0.4151968486236281,0.40459611145376606,1.260396483216508,2.0,0
1.5448886765592902,0.3380429441943819,1.0047966038883887,0.14102707019948404,0.8497947850670581,2.0,0
1.7622173738713973,0.2727394716602602,0.46678746108521557,0.471730228598852,1.1812595166401925,0.3021299059830071,1
1.975064662264815,0.3380429441943819,0.9904901451028085,0.4805881062845103,1.3763851921622385,0.3375246527265337,1
2.0226092293376636,0.0,0.997649676552563,0.4825313448676376,1.415763699931493,0.316229849667828,1
2.1448886765592903,0.3380429441943819,0.9655209625095271,0.48472747534879845,0.8532506793332187,0.39039769867275564,1
1.7313614116089457,0.3380429441943819,0.424437838741774,0.1176241087236734,0.904734221024147,0.3012920385916578,1
2.1448886765592903,0.0,0.9507339203320773,0.05735397991398062,1.2438958831271283,0.3336280434799691,1
1.6785839765833361,0.22336073652397523,0.49098071889297334,0.4340531912275376,0.8310594752619631,0.282734252195517,1
2.0563952281663194,0.3380429441943819,1.0149267585568325,0.06144470951608486,1.3477171414669662,0.3424634428546605,1
1.8977490501678729,0.3380429441943819,1.0092528701321193,0.07697764835260011,1.1796323073145683,0.3081275329140339,1
1.5448886765592902,0.0,0.4537995159849466,0.3806449130237555,1.3149069443789272,2.0,0
2.1448886765592903,0.3380429441943819,0.9990843078281451,0.059135200881653735,1.1125680714725867,0.3630485220356288,1
1.7204425648013875,0.16794280487044935,0.6224479760879794,0.4549049689672574,0.9279930768833341,0.282539314308785,1
1.8871593790283296,0.3380429441943819,0.430648490252469,0.4886559821939695,0.8346254658152634,0.36293816613112373,1
1.7957949902287587,0.0,0.44020755455475524,0.4227105521259619,0.8411642206936714,0.29149043351288256,1
2.1448886765592903,0.0,1.0036712304376327,0.49622160934897497,0.8545020200053636,0.35089839686169305,1
2.0546300329684835,0.3380429441943819,1.0125384078114381,0.4847143672480952,1.2515209998471672,0.3665424258206816,1
1.9400491061509444,0.0,0.976753470815478,0.4972856122716344,1.3743856594444157,0.29980441734697627,1
1.6918119056320724,0.3380429441943819,0.4912207080699591,0.18175912399520183,0.8471066747621722,0.29568382853534264,1
2.002786775889944,0.3380429441943819,0.4155091528631108,0.1900150463322141,0.9258558053944097,0.3651110705650045,1
2.079161140000592,0.3380429441943819,0.9405114593238544,0.36045572000053955,1.4254625355050343,0.36310453949709304,1
1.981331514223523,0.3380429441943819,1.0098918313414063,0.06047485341524592,1.2907341956988083,0.32554041174832626,1
1.8132490675262112,0.3380429441943819,0.6205333716564874,0.03978172606700697,1.2732539187075478,0.2945041894936216,1
2.085267159318857,0.0,1.0094701111134314,0.4670928484220972,0.943563504111532,0.3283563174213371,1
2.1448886765592903,0.0,0.6657180117941877,0.3535247384596012,1.0795050232485128,0.3493091069037747,1
1.7896113947408385,0.3380429441943819,1.001407426787823,0.1263654169336952,0.8631642093482872,0.29841465898941905,1
1.9844751737333357,0.3380429441943819,1.0031799376790376,0.31379567268673436,1.3016258155796538,0.34813222947189415,1
1.822746718672534,0.0,0.5215081311892592,0.3788590276069598,1.2464266214356456,0.28276070758587063,1
1.7185878083048984,0.23018465548381362,0.6713304918628451,0.5063090178447873,1.053971362724065,0.28490494440996283,1
1.7170808353556806,0.26358433384919766,0.7050492106657035,0.5326748616315707,1.3268824393834537,0.28467917109334057,1
1.5448886765592902,0.0,0.4238645037153701,0.1672022956378414,1.3160951896832733,2.0,0
1.7183537252480587,0.3380429441943819,0.47728923785602206,0.07445959579579041,1.00498651138514,0.28531155800558533,1
2.1448886765592903,0.3380429441943819,0.4701562214586789,0.17259844823016485,1.3682302875579593,0.39711655726804385,1
2.0186069246931386,0.0,0.4886746697745286,0.31508557106763047,0.8760467394095992,0.3265888534623633,1
1.880904976101233,0.12131979255319685,0.420287167492515,0.5000607253809315,0.8461354569777486,0.3284021640449493,1
1.6776348683107674,0.3380429441943819,0.4555961040339888,0.4555151175906189,1.3998676493863573,0.30003360963215703,1
1.6955851424198152,0.15572913282087558,0.6649895709715536,0.4691117035815446,1.1233036668551548,1.6776578553327497,1
1.7432861919745597,0.1002759490811539,0.4452602319298974,0.4469210282825097,0.9291920387790165,0.2850446554961709,1
1.735737065890155,0.3380429441943819,0.5901416074521703,0.3376557388481804,0.8942251773149567,0.30108259677423754,1
1.8173576988142863,0.0,1.014392094809933,0.15779123482325413,0.8594008614063232,2.0,0
1.7105612656831497,0.14389488884971194,0.43196672390578245,0.42529106321204146,0.9462398874003558,0.2879204401214191,1
2.1448886765592903,0.3380429441943819,0.4361970307698642,0.2221856308681609,1.0180036165701538,0.4000536818532689,1
1.7069126029250008,0.3345369016656524,0.7710819329423436,0.46370218393622853,1.0110897065923115,0.2830989917755337,1
1.9350081865722448,0.1145177666768735,0.9612607435186069,0.02306493391861983,1.3964634433008587,0.2922254710042147,1
1.884858391128005,0.2334044421012189,0.42499099718949457,0.09071230514102835,1.2568712488401692,0.3203389994513792,1
1.8357180520141634,0.0,0.5640136483990075,0.45111504588926254,1.2317298234719825,0.28857927192269417,1
1.8175379624440176,0.3380429441943819,0.8350107242287595,0.23228405299722493,1.0007483057945101,0.3089804147610828,1
1.7373941981727974,0.3380429441943819,0.44969105399423764,0.2050537434160622,1.1044844543371721,0.29337033229305054,1
1.991799438242347,0.1616122431527986,1.0108428711421442,0.4964552226196674,1.3452259998263192,0.3270063433175581,1
2.076623862042201,0.0,0.8944200017504492,0.18650918941481504,1.3779914479650897,0.325617559411472,1
1.834707975775897,0.0,0.4617115203079058,0.3263421022915981,0.8456463673554302,0.28930227571110867,1
1.98209652002904,0.0,0.4294966236131462,0.45638814830844643,0.8871220332854188,0.3394664620386915,1
1.736478035919944,0.15381800399327888,0.6397012584941851,0.4590218569286123,0.944634837514287,0.2836989042109919,1
1.938215628960379,0.3380429441943819,0.4624230504153054,0.4500805627417561,0.8454810214210665,0.3652898696761589,1
1.9868149557420143,0.0,0.9430776581479333,0.0657254257113992,1.416006271726674,0.29818183430634965,1
2.1448886765592903,0.3380429441943819,0.7453116340626195,0.3545237741535462,1.3317502460184036,0.38871338452170606,1
1.741811326958854,0.3380429441943819,0.47049808798688575,0.2864949260650727,0.9899281069892159,0.30590862305047395,1
1.6855076690051276,0.0,0.4315667717254783,0.0,1.4208236199043638,2.0,0
2.075189584563014,0.14052873246394063,1.0148006509241048,0.5009306604484973,0.8369949429255565,0.3500361565801822,1
2.084895344473029,0.0,1.0088488330825183,0.04494041960356724,1.3971550612768242,0.31596590910018246,1
1.8369780746935205,0.24075407896702006,0.496604328089568,0.3341453054465676,1.2619450638863488,0.3134735874487333,1
1.6972006441412162,0.3380429441943819,0.9251980039822788,0.14763595314195108,1.4142451763837924,2.0,0
1.7502899024681076,0.3380429441943819,0.4560693024051357,0.10239062672810455,0.8867271540741009,0.3026137522366805,1
1.6751259907562022,0.3380429441943819,0.4311847917543298,0.20192755867067708,0.8746598283798949,0.2924041608634073,1
1.9147878902452449,0.3380429441943819,0.4458117993528424,0.34831320301611435,1.4260007042950937,0.35088730706996357,1
1.8935655860516971,0.17728473666283517,0.9691215200442767,0.01714225195693381,1.1577148224148233,0.2903985357245912,1
1.8738274170191105,0.3380429441943819,0.9706638540750037,0.05058602603608151,1.429172696030646,0.31055195938250796,1
1.95051162159648,0.3380429441943819,1.0148701861702054,0.5129847146675812,1.3050689900606784,0.3381430337185698,1
2.1448886765592903,0.0,0.9142942742379194,0.09001722375745466,1.0211896939268639,0.3215380851022104,1
2.1448886765592903,0.16783362461223097,1.0145508234360592,0.0384153859088033,1.3284927538621552,0.3424077123441762,1
1.7049327718063325,0.3380429441943819,0.495834993104529,0.1923229428841201,0.8982085818765041,0.2870035742491794,1
2.0232299703065584,0.0,0.967464595662292,0.514842984676394,1.165505467975923,0.32169163596445804,1
2.018380007626795,0.3380429441943819,0.470510676293101,0.45239609503408285,0.8737223010976612,0.38024394118080485,1
1.7307636470835914,0.0,0.4320975572497223,0.42589373340750797,0.9506403521427712,1.7759883552110967,1
1.8322665610333329,0.0,0.4564751892255267,0.4159439079990374,1.3324293561557616,0.2939774613998746,1
1.7158853297302679,0.15793038723646563,0.6113147965489166,0.4383537221490137,1.1115637367467226,0.4511040518938807,1
1.7025509360266422,0.20193349544055073,0.5347705373478403,0.41803846219284563,1.0533584479659417,0.2822414253650958,1
2.1448886765592903,0.3380429441943819,0.9905058106754867,0.451634372495646,1.3500770725385252,0.3820709454782104,1
1.912890222810921,0.0,0.4179356408736892,0.3918563944727471,1.190577896934604,0.3070174476649981,1
2.0082413662874674,0.3380429441943819,0.9603914045921756,0.08853699289491244,1.3880422713424714,0.34039352166717524,1
2.083635628731836,0.0,0.416339428781956,0.3366654886654679,0.9129046727027474,0.3549307795528837,1
1.7811295839253838,0.3380429441943819,0.6000531927472875,0.20098974645298737,1.161099876335179,0.2952774237529996,1
1.9694625741085108,0.0,0.567571712691038,0.3543795920462651,0.8715281439804444,0.31455063650732257,1
1.9428083847529234,0.0,0.4368289052621189,0.1826508349306512,1.1331966194175813,0.3072329900115687,1
1.9338723166095257,0.3380429441943819,0.4251098592891933,0.19881089573805197,1.2640040652374611,0.3493497899629095,1
1.8672652268231023,0.0,0.46976596688229705,0.48699204139920943,0.8425121726099466,0.3089616268776539,1
2.057258837245436,0.3380429441943819,0.4799181206281276,0.16549610971132536,0.8422322111043498,0.37714109581022315,1
2.0051252623152465,0.17112599350386568,1.0004503571612293,0.07074458144109441,1.2994161335235341,0.31308882724377624,1
1.7536030248758274,0.3380429441943819,0.4697712605007219,0.03818665719649971,1.4250305509208567,0.287101288792111,1
2.1448886765592903,0.18466227836075663,1.0077411596441481,0.5082393012056503,1.2498862498551553,0.37031214480152586,1
2.0345437351523517,0.1469052444164089,0.9909802369472026,0.46221640369804423,0.8453817839375424,0.3341084086939815,1
2.0696904560327525,0.20199741947157784,0.9918089643278757,0.03817458792466182,1.1913718009432837,0.33861499678143125,1
2.0490872939890528,0.0,0.9553557622314759,0.07536430034044758,0.8400152006582647,0.3023184457981772,1
1.806547003240207,0.05437357929150359,0.4835005790072681,0.43789968675165686,0.8982706657293358,0.29397217673070686,1
2.0459132683877965,0.16671147352332166,0.9844786183254574,0.35186105635119963,0.840442904232398,0.34526555682265647,1
2.0158516737994563,0.1715563861723125,0.4237423636479658,0.21334160463489799,1.383382435205928,0.3382495016088588,1
2.0202542911395547,0.3380429441943819,1.0140458878046519,0.5124652820052269,0.8408959088212195,0.3519968234944182,1
2.1448886765592903,0.0,0.6133185162139579,0.4532282059891195,1.017107563452876,0.35652100780260215,1
2.1448886765592903,0.11433635068213646,0.43946527027883336,0.39248874215426555,1.163791450256562,0.37987475912057306,1
1.9984759192181334,0.0,1.0137839670840838,0.030493718778605277,0.9887387271062508,0.28729780487827306,1
2.1448886765592903,0.3380429441943819,0.9558328289756366,0.09147234383698213,1.382497888649013,0.3700030311327126,1
1.9353255124891418,0.18993846385600816,0.9471891003433495,0.48319792174775056,0.8343458804739432,0.32051070988468566,1
2.1448886765592903,0.0,0.7408971427139837,0.3211242404133849,0.8297734710823627,0.35247323230526434,1
